0.000000, -1.956931, 0.752381, 0.628253, -0.104154, 0.004322, -0.035642, 0.842491, -1.097149, 0.578024
21.000000, -1.848979, 0.781520, 0.567000, 0.247196, -0.069697, -0.601624, 0.651372, -1.831903, 0.808134
41.000000, -1.617854, 0.824645, 0.276745, 0.916197, -0.178200, -1.245429, 0.462059, -2.025272, 0.825176
60.000000, -1.282408, 0.876312, -0.274399, 1.669542, -0.313589, -1.722198, 0.318690, -1.568218, 0.582053
80.000000, -0.890229, 0.933145, -0.995418, 2.151863, -0.450659, -1.918718, 0.195188, -0.633198, 0.177389
101.000000, -0.492081, 0.984150, -1.717824, 2.085094, -0.538438, -1.849129, 0.040868, 0.489910, -0.226336
121.000000, -0.134845, 1.014100, -2.273391, 1.440455, -0.524430, -1.547417, -0.137318, 1.501466, -0.501185
142.000000, 0.133496, 1.021234, -2.558369, 0.475919, -0.402272, -1.026260, -0.249273, 2.130092, -0.597430
160.000000, 0.270375, 1.026893, -2.565128, -0.394692, -0.231213, -0.344957, -0.189758, 2.216588, -0.539712
180.000000, 0.259408, 1.059652, -2.374365, -0.837820, -0.091166, 0.344613, 0.059648, 1.840866, -0.410036
201.000000, 0.120608, 1.125920, -2.103127, -0.801069, -0.008383, 0.883011, 0.390431, 1.317997, -0.314422
221.000000, -0.107786, 1.197447, -1.827312, -0.536353, 0.067317, 1.236984, 0.629991, 0.965850, -0.317043
240.000000, -0.398153, 1.230438, -1.533289, -0.409094, 0.199651, 1.503940, 0.661319, 0.829572, -0.380732
260.000000, -0.738791, 1.198302, -1.148626, -0.621805, 0.382156, 1.757854, 0.509130, 0.666697, -0.391937
281.000000, -1.109784, 1.106608, -0.634450, -1.069174, 0.533232, 1.920196, 0.326691, 0.239465, -0.277121
301.000000, -1.462899, 0.978229, -0.052578, -1.448104, 0.585538, 1.830245, 0.285762, -0.400197, -0.093692
320.000000, -1.737404, 0.827130, 0.465162, -1.523500, 0.569889, 1.445342, 0.442042, -0.961466, 0.028376
340.000000, -1.899126, 0.649234, 0.819611, -1.302219, 0.586405, 0.923821, 0.678547, -1.244023, 0.053526
361.000000, -1.957347, 0.439781, 1.013365, -0.955551, 0.680535, 0.470276, 0.786439, -1.354745, 0.117569
381.000000, -1.936835, 0.218702, 1.113654, -0.586787, 0.762310, 0.114642, 0.635475, -1.550234, 0.384085
400.000000, -1.835732, 0.035547, 1.152056, -0.105408, 0.676045, -0.307330, 0.293314, -1.890937, 0.809546
420.000000, -1.619242, -0.057128, 1.074117, 0.642275, 0.364247, -0.935430, -0.024255, -2.117807, 1.098710
441.000000, -1.259194, -0.043189, 0.796326, 1.619469, -0.046764, -1.676051, -0.141334, -1.896060, 0.957100
461.000000, -0.777500, 0.039277, 0.308918, 2.506938, -0.341302, -2.243186, -0.074038, -1.144011, 0.405466
481.000000, -0.248469, 0.121652, -0.285538, 2.901505, -0.401035, -2.399496, 0.005988, -0.091895, -0.191615
500.000000, 0.238212, 0.154448, -0.835331, 2.629185, -0.295554, -2.127483, -0.038634, 0.942647, -0.446802
520.000000, 0.613357, 0.142239, -1.235646, 1.872553, -0.191029, -1.568107, -0.167342, 1.764460, -0.298634
541.000000, 0.835374, 0.134018, -1.466270, 1.002544, -0.184266, -0.848312, -0.216693, 2.288168, -0.021738
561.000000, 0.882034, 0.179304, -1.555297, 0.299442, -0.238994, -0.023466, -0.088630, 2.423914, 0.099677
580.000000, 0.754186, 0.291630, -1.529727, -0.171567, -0.274913, 0.825854, 0.141001, 2.096966, 0.063925
600.000000, 0.490373, 0.451222, -1.407448, -0.464504, -0.287294, 1.520857, 0.311512, 1.398985, 0.091488
621.000000, 0.163730, 0.636895, -1.219441, -0.603870, -0.352244, 1.877228, 0.352718, 0.628087, 0.307681
641.000000, -0.152780, 0.848236, -1.015500, -0.558830, -0.518010, 1.871311, 0.342506, 0.084796, 0.555411
660.000000, -0.426238, 1.094340, -0.839481, -0.327410, -0.720230, 1.669519, 0.394406, -0.177619, 0.557642
680.000000, -0.669087, 1.366221, -0.707574, 0.013548, -0.828110, 1.467474, 0.529126, -0.347697, 0.228452
701.000000, -0.904933, 1.628143, -0.618239, 0.358725, -0.769559, 1.317047, 0.686642, -0.588585, -0.240754
721.000000, -1.132037, 1.837386, -0.574752, 0.635392, -0.586637, 1.130592, 0.834667, -0.831903, -0.617046
742.000000, -1.320863, 1.964911, -0.580306, 0.778040, -0.353832, 0.832752, 0.991472, -0.886785, -0.891024
760.000000, -1.441247, 1.988602, -0.604807, 0.670712, -0.057123, 0.462751, 1.101469, -0.719337, -1.242027
781.000000, -1.484606, 1.869559, -0.571326, 0.197854, 0.411937, 0.118107, 0.937844, -0.533189, -1.734874
801.000000, -1.460874, 1.551986, -0.399256, -0.586630, 1.116262, -0.156537, 0.236580, -0.529975, -2.111079
821.000000, -1.384552, 1.006698, -0.075175, -1.364398, 1.926345, -0.376683, -0.997564, -0.645193, -1.949957
840.000000, -1.273054, 0.284971, 0.319748, -1.713361, 2.533747, -0.525755, -2.334249, -0.606667, -1.066728
860.000000, -1.155749, -0.475101, 0.659639, -1.437811, 2.643214, -0.516999, -3.146010, -0.268358, 0.253844
881.000000, -1.071674, -1.110040, 0.856718, -0.752142, 2.186820, -0.290733, -3.068810, 0.181145, 1.428302
901.000000, -1.047939, -1.516405, 0.902315, -0.108759, 1.377682, 0.069183, -2.270763, 0.400046, 1.989787
920.000000, -1.080022, -1.692692, 0.841161, 0.178094, 0.562895, 0.366699, -1.275651, 0.262024, 1.876613
940.000000, -1.138290, -1.710708, 0.722544, 0.144338, 0.002591, 0.463222, -0.530193, -0.016475, 1.385063
961.000000, -1.195224, -1.650637, 0.581225, 0.038295, -0.255722, 0.395781, -0.134662, -0.129222, 0.894875
981.000000, -1.243273, -1.555689, 0.449634, 0.025333, -0.337874, 0.307771, 0.065329, -0.006246, 0.622065
1000.000000, -1.286184, -1.431892, 0.361726, 0.067976, -0.401725, 0.281535, 0.224530, 0.157656, 0.547936
1020.000000, -1.320312, -1.276195, 0.329144, 0.069921, -0.511593, 0.273092, 0.393512, 0.168270, 0.498846
1041.000000, -1.332675, -1.102599, 0.320324, 0.051511, -0.605342, 0.208563, 0.613066, 0.049968, 0.286293
1061.000000, -1.317177, -0.950902, 0.282717, 0.115079, -0.555510, 0.096954, 0.979937, -0.027601, -0.154305
1082.000000, -1.284595, -0.877873, 0.199190, 0.255993, -0.275211, 0.009719, 1.520492, 0.017186, -0.676989
1100.000000, -1.250880, -0.932640, 0.121051, 0.293938, 0.193667, -0.030568, 2.017974, 0.089277, -0.963074
1120.000000, -1.219282, -1.120756, 0.134688, 0.056398, 0.662655, -0.085156, 2.072888, 0.060283, -0.714570
1141.000000, -1.181491, -1.375984, 0.285779, -0.384034, 0.873150, -0.201000, 1.429235, -0.066692, 0.100240
1161.000000, -1.136747, -1.569512, 0.531176, -0.717392, 0.639276, -0.316866, 0.256086, -0.179574, 1.152230
1180.000000, -1.101147, -1.567696, 0.763486, -0.677144, -0.025599, -0.318572, -0.932008, -0.209400, 1.926452
1200.000000, -1.090678, -1.307086, 0.885034, -0.297010, -0.891487, -0.187932, -1.660174, -0.192927, 2.053917
1221.000000, -1.098365, -0.830825, 0.867048, 0.138260, -1.631342, -0.047341, -1.800758, -0.173880, 1.532148
1241.000000, -1.098597, -0.256627, 0.751720, 0.385426, -2.001625, -0.021469, -1.521545, -0.107244, 0.659977
1260.000000, -1.078902, 0.295142, 0.608342, 0.446873, -1.953674, -0.079431, -1.003228, 0.073228, -0.227692
1280.000000, -1.060555, 0.751506, 0.486305, 0.474975, -1.599651, -0.068110, -0.289500, 0.303339, -0.971999
1301.000000, -1.076626, 1.080065, 0.397822, 0.523459, -1.080139, 0.082082, 0.574586, 0.377117, -1.581843
1321.000000, -1.126032, 1.249666, 0.333492, 0.460375, -0.461147, 0.226389, 1.343377, 0.141881, -2.071733
1340.000000, -1.155717, 1.212753, 0.292178, 0.145327, 0.251985, 0.129558, 1.624965, -0.304855, -2.347175
1360.000000, -1.096834, 0.934335, 0.301066, -0.352379, 1.018296, -0.274513, 1.190761, -0.655699, -2.254055
1381.000000, -0.922773, 0.438321, 0.407985, -0.767240, 1.698305, -0.777177, 0.212502, -0.652109, -1.721002
1401.000000, -0.673293, -0.178404, 0.644789, -0.878339, 2.099543, -1.066320, -0.846715, -0.300059, -0.840007
1422.000000, -0.425551, -0.781057, 0.984759, -0.707145, 2.089545, -0.990280, -1.585839, 0.162667, 0.181067
1440.000000, -0.245065, -1.250749, 1.331334, -0.457998, 1.669486, -0.644535, -1.908006, 0.481239, 1.122795
1460.000000, -0.159810, -1.515412, 1.559147, -0.285926, 0.952450, -0.230779, -1.947037, 0.552054, 1.812580
1481.000000, -0.165673, -1.547840, 1.585817, -0.161277, 0.092660, 0.117809, -1.830475, 0.421620, 2.123398
1501.000000, -0.240156, -1.354573, 1.421295, 0.033536, -0.754357, 0.365686, -1.570361, 0.194110, 1.982185
1520.000000, -0.348067, -0.976856, 1.155463, 0.316856, -1.428545, 0.495329, -1.160704, -0.025844, 1.427830
1540.000000, -0.448308, -0.494480, 0.895606, 0.562147, -1.781774, 0.478390, -0.690258, -0.143257, 0.656921
1561.000000, -0.513246, -0.007579, 0.705150, 0.639020, -1.752799, 0.342838, -0.286802, -0.105558, -0.041525
1581.000000, -0.547739, 0.405632, 0.586426, 0.559794, -1.437788, 0.210448, 0.037749, 0.035804, -0.463731
1600.000000, -0.581513, 0.721118, 0.506384, 0.453331, -1.048522, 0.198724, 0.413939, 0.122959, -0.642075
1620.000000, -0.632423, 0.954972, 0.431988, 0.403761, -0.747380, 0.272540, 0.933397, 0.001825, -0.809453
1641.000000, -0.674358, 1.110015, 0.348711, 0.354308, -0.499669, 0.234545, 1.453082, -0.336624, -1.170680
1661.000000, -0.645898, 1.136133, 0.262737, 0.193811, -0.108990, -0.095087, 1.634449, -0.723289, -1.669373
1680.000000, -0.496466, 0.952953, 0.199365, -0.079874, 0.563122, -0.681899, 1.222386, -0.923380, -1.975752
1700.000000, -0.228626, 0.524842, 0.198144, -0.320918, 1.392845, -1.270106, 0.300749, -0.792257, -1.738397
1721.000000, 0.099592, -0.078483, 0.294191, -0.376782, 2.020544, -1.572789, -0.727390, -0.353848, -0.897146
1741.000000, 0.408496, -0.697372, 0.486655, -0.250686, 2.112761, -1.469036, -1.415824, 0.223955, 0.220534
1761.000000, 0.634145, -1.168873, 0.717902, -0.095558, 1.629779, -1.040042, -1.557347, 0.708818, 1.117374
1780.000000, 0.745767, -1.415099, 0.889985, -0.041458, 0.853480, -0.463675, -1.254638, 0.901964, 1.479437
1800.000000, 0.745873, -1.463459, 0.916786, -0.051208, 0.155819, 0.094144, -0.780409, 0.738930, 1.367775
1821.000000, 0.665296, -1.391866, 0.775632, 0.032263, -0.272454, 0.514158, -0.384073, 0.341818, 1.101186
1841.000000, 0.554143, -1.255956, 0.516593, 0.304450, -0.496645, 0.725352, -0.177702, -0.049957, 0.956981
1860.000000, 0.462947, -1.061259, 0.219971, 0.694945, -0.687451, 0.725681, -0.123838, -0.254055, 0.961831
1880.000000, 0.419776, -0.792270, -0.064547, 1.055382, -0.923807, 0.594824, -0.090304, -0.273160, 0.937065
1901.000000, 0.421267, -0.457131, -0.347440, 1.320595, -1.136857, 0.446814, 0.056529, -0.233238, 0.719047
1921.000000, 0.445905, -0.100482, -0.673250, 1.534317, -1.213303, 0.350057, 0.354015, -0.189699, 0.329099
1940.000000, 0.474304, 0.224335, -1.060912, 1.704531, -1.122905, 0.306499, 0.705285, -0.033767, -0.056927
1960.000000, 0.493776, 0.492555, -1.461939, 1.687689, -0.942338, 0.318038, 0.947953, 0.363647, -0.284387
1981.000000, 0.485168, 0.719067, -1.774307, 1.296830, -0.774892, 0.447440, 0.983822, 0.925894, -0.355688
2001.000000, 0.413734, 0.935792, -1.902714, 0.557614, -0.662571, 0.773012, 0.850704, 1.353815, -0.400420
2022.000000, 0.242299, 1.157595, -1.815304, -0.191475, -0.568996, 1.271898, 0.668306, 1.383970, -0.527722
2040.000000, -0.042089, 1.364753, -1.551111, -0.540125, -0.427343, 1.776459, 0.524278, 1.043599, -0.719650
2061.000000, -0.413780, 1.512542, -1.179429, -0.394707, -0.195681, 2.077762, 0.425313, 0.594343, -0.869113
2081.000000, -0.818520, 1.556279, -0.756369, -0.103005, 0.122784, 2.075181, 0.345407, 0.217002, -0.910134
2101.000000, -1.194482, 1.470855, -0.318870, -0.135231, 0.495114, 1.812463, 0.276870, -0.182032, -0.892632
2120.000000, -1.485366, 1.252008, 0.092380, -0.610869, 0.886716, 1.378791, 0.198154, -0.789308, -0.914364
2140.000000, -1.644478, 0.904510, 0.425988, -1.155027, 1.277984, 0.815520, 0.010393, -1.536118, -0.977230
2161.000000, -1.642614, 0.435342, 0.651962, -1.245767, 1.653047, 0.147394, -0.426569, -2.029466, -0.926660
2181.000000, -1.483025, -0.134613, 0.798576, -0.704890, 1.962904, -0.519942, -1.136395, -1.902274, -0.563699
2200.000000, -1.208500, -0.747669, 0.938370, 0.158321, 2.097384, -0.994047, -1.903634, -1.214754, 0.150514
2220.000000, -0.886410, -1.301796, 1.118290, 0.864156, 1.916738, -1.127262, -2.357391, -0.442423, 0.985706
2241.000000, -0.579170, -1.680407, 1.300219, 1.179720, 1.354561, -0.949167, -2.228647, -0.039597, 1.551319
2261.000000, -0.322604, -1.810647, 1.382909, 1.219633, 0.522928, -0.646673, -1.548283, -0.044630, 1.558376
2280.000000, -0.124117, -1.709975, 1.296524, 1.200954, -0.289598, -0.411518, -0.598122, -0.132516, 1.028557
2300.000000, 0.028310, -1.481623, 1.079548, 1.184880, -0.767662, -0.318986, 0.319985, -0.004528, 0.280054
2321.000000, 0.158706, -1.257343, 0.859359, 1.077830, -0.770891, -0.341087, 1.057260, 0.345960, -0.297371
2341.000000, 0.294486, -1.128364, 0.755775, 0.811298, -0.422360, -0.425176, 1.591119, 0.741286, -0.495540
2362.000000, 0.447384, -1.113007, 0.803921, 0.429969, -0.003131, -0.515710, 1.896510, 1.078418, -0.374759
2380.000000, 0.591988, -1.175231, 0.963147, -0.002416, 0.255937, -0.519578, 1.906315, 1.379461, -0.139923
2400.000000, 0.667953, -1.266224, 1.179876, -0.497439, 0.303471, -0.325474, 1.601954, 1.611084, 0.062470
2421.000000, 0.617935, -1.350103, 1.421636, -1.065356, 0.221161, 0.085303, 1.090940, 1.587592, 0.243335
2441.000000, 0.434086, -1.400350, 1.653258, -1.567719, 0.078929, 0.561491, 0.546975, 1.154993, 0.493501
2460.000000, 0.167768, -1.385392, 1.811004, -1.745849, -0.146175, 0.873283, 0.076624, 0.440131, 0.825130
2480.000000, -0.110246, -1.268136, 1.834749, -1.463167, -0.511293, 0.913404, -0.319990, -0.195546, 1.100388
2501.000000, -0.359303, -1.023939, 1.733383, -0.887992, -0.990476, 0.786106, -0.648891, -0.508233, 1.127017
2521.000000, -0.576855, -0.659945, 1.594260, -0.355480, -1.438997, 0.663860, -0.825746, -0.626841, 0.831964
2540.000000, -0.760470, -0.217983, 1.497002, -0.019370, -1.683929, 0.564530, -0.729912, -0.878917, 0.337889
2560.000000, -0.872553, 0.239545, 1.409361, 0.305855, -1.646942, 0.314434, -0.358871, -1.363225, -0.144213
2581.000000, -0.853350, 0.646650, 1.187811, 0.891369, -1.374929, -0.243687, 0.113152, -1.772211, -0.506203
2601.000000, -0.671363, 0.941851, 0.709837, 1.685474, -0.959380, -1.030047, 0.466706, -1.691817, -0.819735
2620.000000, -0.356770, 1.070236, 0.022122, 2.223256, -0.445962, -1.749315, 0.620149, -1.043031, -1.207207
2640.000000, 0.016216, 0.991968, -0.644034, 2.002984, 0.160931, -2.129181, 0.654349, -0.160736, -1.634083
2661.000000, 0.373975, 0.702976, -1.018960, 0.963824, 0.809140, -2.106440, 0.657625, 0.561320, -1.854353
2681.000000, 0.665595, 0.255690, -0.980030, -0.421438, 1.340694, -1.775914, 0.588894, 1.023215, -1.600420
2702.000000, 0.848996, -0.243175, -0.622828, -1.520217, 1.556830, -1.216618, 0.333115, 1.366229, -0.849424
2720.000000, 0.877301, -0.669581, -0.175268, -1.993804, 1.366076, -0.444083, -0.118380, 1.631706, 0.106102
2740.000000, 0.721190, -0.936909, 0.155997, -1.919114, 0.873787, 0.456388, -0.590949, 1.604095, 0.873863
2761.000000, 0.411622, -1.030048, 0.286361, -1.561073, 0.313566, 1.226496, -0.860792, 1.065045, 1.261881
2781.000000, 0.049538, -0.991045, 0.253517, -1.112981, -0.127581, 1.559521, -0.853212, 0.149651, 1.369628
2800.000000, -0.244563, -0.868396, 0.153477, -0.651805, -0.429865, 1.362601, -0.681612, -0.660322, 1.395418
2820.000000, -0.404171, -0.675900, 0.071558, -0.241860, -0.696549, 0.864284, -0.495521, -0.949440, 1.384904
2841.000000, -0.447541, -0.398535, 0.041218, 0.027076, -0.998284, 0.423232, -0.326227, -0.741862, 1.198913
2861.000000, -0.440437, -0.035603, 0.038596, 0.122909, -1.270957, 0.226749, -0.101479, -0.423220, 0.724510
2880.000000, -0.431565, 0.367743, 0.012118, 0.126442, -1.372979, 0.188637, 0.218258, -0.312922, 0.073681
2900.000000, -0.422011, 0.737078, -0.066686, 0.140979, -1.235783, 0.123629, 0.568752, -0.370429, -0.475464
2921.000000, -0.387470, 1.016153, -0.167664, 0.150235, -0.937762, -0.028316, 0.855887, -0.334834, -0.747161
2941.000000, -0.317219, 1.191707, -0.217728, 0.014014, -0.612734, -0.176720, 1.053616, -0.090190, -0.850451
2960.000000, -0.224917, 1.266641, -0.159870, -0.366067, -0.289487, -0.241797, 1.178267, 0.181890, -1.058337
2980.000000, -0.125654, 1.213831, 0.001740, -0.892908, 0.151495, -0.275089, 1.172467, 0.218205, -1.491061
3001.000000, -0.012540, 0.971209, 0.220581, -1.315988, 0.831787, -0.390369, 0.878468, -0.015399, -1.929527
3021.000000, 0.136792, 0.497664, 0.471557, -1.436881, 1.674133, -0.602768, 0.187422, -0.273904, -1.962109
3041.000000, 0.329091, -0.159779, 0.783546, -1.268310, 2.362256, -0.779207, -0.779471, -0.280766, -1.336527
3060.000000, 0.532251, -0.857613, 1.191983, -0.995464, 2.533679, -0.757085, -1.680075, 0.008854, -0.192753
3080.000000, 0.684499, -1.423083, 1.654772, -0.798911, 2.049178, -0.491960, -2.182856, 0.389987, 1.021701
3101.000000, 0.729858, -1.741979, 2.029943, -0.720954, 1.100555, -0.082485, -2.206059, 0.612623, 1.856287
3121.000000, 0.651453, -1.796755, 2.161041, -0.681177, 0.067248, 0.323624, -1.933419, 0.582188, 2.114144
3140.000000, 0.478031, -1.637750, 2.003429, -0.587731, -0.740039, 0.624081, -1.609943, 0.386033, 1.884280
3160.000000, 0.261716, -1.330498, 1.671556, -0.421349, -1.228689, 0.782518, -1.339096, 0.170537, 1.391311
3181.000000, 0.046692, -0.928556, 1.355810, -0.228557, -1.475364, 0.805307, -1.068341, 0.006143, 0.830853
3201.000000, -0.146587, -0.478453, 1.180827, -0.056098, -1.577993, 0.724988, -0.726740, -0.154543, 0.308272
3220.000000, -0.311516, -0.027994, 1.129274, 0.101435, -1.567586, 0.582937, -0.331965, -0.410870, -0.131223
3240.000000, -0.432539, 0.381617, 1.086030, 0.294040, -1.434850, 0.388155, 0.038732, -0.796134, -0.463423
3261.000000, -0.474504, 0.727319, 0.943766, 0.554909, -1.194983, 0.088339, 0.342205, -1.200592, -0.687015
3281.000000, -0.398084, 0.997945, 0.669279, 0.836960, -0.895765, -0.383617, 0.596716, -1.417166, -0.845132
3302.000000, -0.188519, 1.173187, 0.293090, 1.009480, -0.565464, -1.006613, 0.816928, -1.298840, -1.015013
3320.000000, 0.130676, 1.213831, -0.128149, 0.931832, -0.177250, -1.627210, 0.949189, -0.890339, -1.249044
3341.000000, 0.512668, 1.079589, -0.515312, 0.546145, 0.313956, -2.048897, 0.889935, -0.383013, -1.509510
3361.000000, 0.912410, 0.759924, -0.745523, -0.095131, 0.893209, -2.170431, 0.565235, 0.085265, -1.661924
3381.000000, 1.290552, 0.289317, -0.674811, -0.881266, 1.446846, -2.013361, -0.011404, 0.563325, -1.549901
3400.000000, 1.590936, -0.263498, -0.238958, -1.695093, 1.807005, -1.610299, -0.743376, 1.165045, -1.101228
3420.000000, 1.725726, -0.817280, 0.436626, -2.393598, 1.845247, -0.916558, -1.488221, 1.798309, -0.380836
3441.000000, 1.606153, -1.292992, 1.042357, -2.768475, 1.542623, 0.099982, -2.091367, 2.082661, 0.447316
3461.000000, 1.210948, -1.621305, 1.253108, -2.613466, 0.991218, 1.269269, -2.420148, 1.641764, 1.203137
3480.000000, 0.632992, -1.753893, 0.953080, -1.913202, 0.338369, 2.186730, -2.411171, 0.525806, 1.740883
3500.000000, 0.048096, -1.679464, 0.329525, -0.968159, -0.280963, 2.463212, -2.104817, -0.702691, 1.949047
3521.000000, -0.384028, -1.430658, -0.259746, -0.251461, -0.782755, 2.053192, -1.621588, -1.385134, 1.756940
3541.000000, -0.609768, -1.071056, -0.544518, -0.053628, -1.131320, 1.316938, -1.084890, -1.311398, 1.193088
3560.000000, -0.688453, -0.669991, -0.510672, -0.247291, -1.314019, 0.719997, -0.559661, -0.849614, 0.443855
3580.000000, -0.716022, -0.283149, -0.347169, -0.437822, -1.325848, 0.454726, -0.065028, -0.542658, -0.193696
3601.000000, -0.738721, 0.053293, -0.245234, -0.365804, -1.182750, 0.352142, 0.367111, -0.610921, -0.483997
3621.000000, -0.730602, 0.322600, -0.250281, -0.131529, -0.947274, 0.137705, 0.671640, -0.862685, -0.416876
3642.000000, -0.640305, 0.528962, -0.292620, 0.002590, -0.725514, -0.271633, 0.800916, -1.021729, -0.197732
3660.000000, -0.448468, 0.695101, -0.330685, -0.015986, -0.613775, -0.733096, 0.781140, -1.025386, -0.057286
3680.000000, -0.179883, 0.847229, -0.432418, 0.048667, -0.629231, -1.082032, 0.691767, -0.954175, -0.063959
3701.000000, 0.127843, 0.994081, -0.703592, 0.386254, -0.693436, -1.292144, 0.581198, -0.760687, -0.121013
3721.000000, 0.452250, 1.121342, -1.147220, 0.799963, -0.699955, -1.411362, 0.424092, -0.224669, -0.126737
3740.000000, 0.777329, 1.212311, -1.613591, 0.824985, -0.611542, -1.397514, 0.188374, 0.749371, -0.101171
3760.000000, 1.064741, 1.275671, -1.899980, 0.238484, -0.488302, -1.100882, -0.057286, 1.856262, -0.142498
3781.000000, 1.248108, 1.346390, -1.900105, -0.615761, -0.407823, -0.443111, -0.138139, 2.530248, -0.292865
3801.000000, 1.268093, 1.448956, -1.658938, -1.113255, -0.353523, 0.417221, 0.082797, 2.414317, -0.495500
3820.000000, 1.119579, 1.554065, -1.296657, -0.982127, -0.196665, 1.142468, 0.538620, 1.663176, -0.686266
3840.000000, 0.866192, 1.575847, -0.898016, -0.586779, 0.185472, 1.456332, 0.952778, 0.754699, -0.869803
3861.000000, 0.606974, 1.425255, -0.479135, -0.521939, 0.755320, 1.328513, 1.034105, 0.036197, -1.048194
3881.000000, 0.422507, 1.083193, -0.042309, -0.946962, 1.280011, 0.940949, 0.710064, -0.494639, -1.090940
3900.000000, 0.341779, 0.633912, 0.363918, -1.391950, 1.471936, 0.507920, 0.184663, -0.989500, -0.765862
3920.000000, 0.348527, 0.227707, 0.650087, -1.245717, 1.197555, 0.139582, -0.231646, -1.442634, 0.016812
3941.000000, 0.413133, -0.002733, 0.742280, -0.385095, 0.578683, -0.160978, -0.359910, -1.666176, 0.988671
3961.000000, 0.521510, -0.013232, 0.624299, 0.723129, -0.095555, -0.430972, -0.245906, -1.535570, 1.624573
3982.000000, 0.681287, 0.140212, 0.331573, 1.503085, -0.563827, -0.700718, -0.050177, -1.148994, 1.540217
4000.000000, 0.904441, 0.349647, -0.077417, 1.763215, -0.733427, -0.972045, 0.125944, -0.687433, 0.823406
4020.000000, 1.180783, 0.523087, -0.533866, 1.695831, -0.675139, -1.188699, 0.297022, -0.180607, -0.034328
4041.000000, 1.462604, 0.625864, -0.955152, 1.495915, -0.516911, -1.221321, 0.497629, 0.482298, -0.544520
4061.000000, 1.675199, 0.677005, -1.253557, 1.124118, -0.351000, -0.929388, 0.671092, 1.289162, -0.573284
4080.000000, 1.751089, 0.717363, -1.367535, 0.483807, -0.220653, -0.289529, 0.693996, 1.943104, -0.333699
4100.000000, 1.666267, 0.779858, -1.290679, -0.275323, -0.154373, 0.527930, 0.527334, 2.064753, -0.106657
4121.000000, 1.451654, 0.877768, -1.070632, -0.773106, -0.174409, 1.236625, 0.322932, 1.568834, -0.022037
4141.000000, 1.171306, 1.003907, -0.781022, -0.764091, -0.255511, 1.615565, 0.332923, 0.779082, -0.083637
4160.000000, 0.887034, 1.126935, -0.491299, -0.424902, -0.286826, 1.627280, 0.668804, 0.130047, -0.303062
4180.000000, 0.639181, 1.185938, -0.247881, -0.204072, -0.106424, 1.373394, 1.136229, -0.215447, -0.711701
4201.000000, 0.453305, 1.100204, -0.060836, -0.379637, 0.387191, 0.966649, 1.333811, -0.413142, -1.230404
4221.000000, 0.353331, 0.804816, 0.103794, -0.803562, 1.125611, 0.474238, 0.963110, -0.635593, -1.597896
4240.000000, 0.356294, 0.296596, 0.307097, -1.090999, 1.860155, -0.026143, 0.083748, -0.814905, -1.507343
4260.000000, 0.449551, -0.343548, 0.586299, -1.017400, 2.277725, -0.390633, -0.917799, -0.739936, -0.849180
4281.000000, 0.578555, -0.973922, 0.902757, -0.693864, 2.171288, -0.466457, -1.617104, -0.365511, 0.177186
4301.000000, 0.668502, -1.449219, 1.145931, -0.384164, 1.550896, -0.222519, -1.837246, 0.065605, 1.184771
4321.000000, 0.668837, -1.675867, 1.209357, -0.222152, 0.628129, 0.194469, -1.692401, 0.243595, 1.826391
4340.000000, 0.583750, -1.636541, 1.078610, -0.135468, -0.301433, 0.552509, -1.396253, 0.086396, 1.940574
4360.000000, 0.464156, -1.381158, 0.844816, 0.011423, -0.993338, 0.685358, -1.054270, -0.237262, 1.562773
4381.000000, 0.373629, -1.000232, 0.622333, 0.279314, -1.333390, 0.557810, -0.633314, -0.551552, 0.875093
4401.000000, 0.361032, -0.595148, 0.445645, 0.663500, -1.341864, 0.214542, -0.092638, -0.853040, 0.146944
4420.000000, 0.455820, -0.250780, 0.245794, 1.155977, -1.128502, -0.286781, 0.496934, -1.199983, -0.358897
4440.000000, 0.671941, -0.014342, -0.070257, 1.711381, -0.831946, -0.869041, 0.972193, -1.478068, -0.519022
4461.000000, 1.000831, 0.111332, -0.514849, 2.152497, -0.564967, -1.391742, 1.194919, -1.387273, -0.424739
4481.000000, 1.397742, 0.155204, -0.989201, 2.199692, -0.379704, -1.672222, 1.137858, -0.727842, -0.296575
4500.000000, 1.785355, 0.154464, -1.352207, 1.688815, -0.265835, -1.593654, 0.875497, 0.323095, -0.286030
4520.000000, 2.085368, 0.136861, -1.521419, 0.782207, -0.182214, -1.197842, 0.527383, 1.282517, -0.355724
4541.000000, 2.256022, 0.117951, -1.518516, -0.085923, -0.098345, -0.655577, 0.220682, 1.743904, -0.365115
4561.000000, 2.301710, 0.106047, -1.431115, -0.536491, -0.011602, -0.133958, 0.069656, 1.689562, -0.263186
4582.000000, 2.247355, 0.102647, -1.336118, -0.549818, 0.070887, 0.310149, 0.132060, 1.428208, -0.164042
4600.000000, 2.106466, 0.097461, -1.251153, -0.448345, 0.159010, 0.714196, 0.356258, 1.252117, -0.216207
4621.000000, 1.876443, 0.068865, -1.144215, -0.574432, 0.278407, 1.106827, 0.593406, 1.177236, -0.418517
4641.000000, 1.562857, -0.003825, -0.980398, -0.978860, 0.437558, 1.432753, 0.706414, 0.997185, -0.596618
4661.000000, 1.203260, -0.124937, -0.761724, -1.404034, 0.599953, 1.573927, 0.688941, 0.537863, -0.563712
4680.000000, 0.864478, -0.278277, -0.530942, -1.535823, 0.697167, 1.432936, 0.663485, -0.168044, -0.280973
4700.000000, 0.617353, -0.436707, -0.343644, -1.251103, 0.674741, 1.000432, 0.740310, -0.921250, 0.146159
4721.000000, 0.512554, -0.573609, -0.237307, -0.646993, 0.526250, 0.366318, 0.878707, -1.506276, 0.591896
4741.000000, 0.571252, -0.665863, -0.223256, 0.103584, 0.285681, -0.313300, 0.909378, -1.786188, 0.982534
4760.000000, 0.784253, -0.692565, -0.301480, 0.869181, -0.003456, -0.869267, 0.710804, -1.704587, 1.248366
4780.000000, 1.110942, -0.640830, -0.473764, 1.543352, -0.301148, -1.179315, 0.358149, -1.273628, 1.269395
4801.000000, 1.483985, -0.519130, -0.734152, 1.982617, -0.555988, -1.216056, 0.079827, -0.594817, 0.944623
4821.000000, 1.830484, -0.363565, -1.046313, 2.038679, -0.697164, -1.050665, 0.056195, 0.138560, 0.337533
4840.000000, 2.102287, -0.224322, -1.340652, 1.684119, -0.666617, -0.798201, 0.262303, 0.716097, -0.287517
4860.000000, 2.289895, -0.138743, -1.548183, 1.084763, -0.472830, -0.541317, 0.510008, 1.023106, -0.630161
4881.000000, 2.405117, -0.112443, -1.645533, 0.507164, -0.207642, -0.296522, 0.636922, 1.085605, -0.584131
4901.000000, 2.451051, -0.123252, -1.665401, 0.130052, 0.006187, -0.048707, 0.645874, 1.002991, -0.304750
4922.000000, 2.414531, -0.141976, -1.658952, -0.057534, 0.098259, 0.190226, 0.665275, 0.844996, -0.047209
