0.000000, -1.170870, 1.156374, 0.367920, 0.010309, -0.219245, 0.243082, 0.881061, 0.095739, 0.250394, 0.111697, 0.028717, 0.098728, 0.006046, 0.010912, 0.013318, 0.005873, 0.042182, 0.065096
21.000000, -1.182394, 1.180203, 0.376744, -0.015622, -0.273552, 0.273981, 0.853141, 0.116121, 0.244029, 0.103307, 0.026908, 0.089082, 0.006680, 0.007695, 0.008481, 0.007377, 0.049335, 0.063397
39.000000, -1.223465, 1.230936, 0.411764, -0.043340, -0.312109, 0.322954, 0.804737, 0.090843, 0.197131, 0.090520, 0.018863, 0.077376, 0.010346, 0.007741, 0.005415, 0.021580, 0.043890, 0.051726
60.000000, -1.288101, 1.297101, 0.474747, -0.048692, -0.331123, 0.363301, 0.791275, 0.011391, 0.113021, 0.087647, 0.011044, 0.065808, 0.024855, 0.007202, 0.004726, 0.028794, 0.022701, 0.032466
80.000000, -1.358473, 1.373927, 0.549732, -0.044789, -0.368875, 0.369125, 0.896731, -0.097506, -0.036678, 0.100327, 0.007491, 0.057936, 0.043966, 0.006371, 0.006074, 0.012940, 0.006755, 0.010001
101.000000, -1.416667, 1.445354, 0.613437, -0.095044, -0.345841, 0.289599, 1.143852, -0.221135, -0.355676, 0.106012, 0.007503, 0.051656, 0.055866, 0.011271, 0.010537, 0.023626, 0.003251, 0.033167
121.000000, -1.432044, 1.458294, 0.652609, -0.263106, -0.075587, 0.089453, 1.417837, -0.355792, -0.862096, 0.097795, 0.007223, 0.045289, 0.039037, 0.019715, 0.009196, 0.021231, 0.005026, 0.049799
140.000000, -1.327854, 1.298086, 0.692461, -0.561550, 0.610725, -0.228596, 1.367224, -0.526445, -1.427168, 0.080731, 0.008096, 0.035027, 0.042616, 0.027966, 0.015115, 0.034166, 0.006681, 0.058957
160.000000, -1.060945, 0.881592, 0.761157, -0.815894, 1.540241, -0.579755, 0.760248, -0.663538, -1.625496, 0.061910, 0.013120, 0.030332, 0.032917, 0.031648, 0.023590, 0.040455, 0.008128, 0.059853
181.000000, -0.624941, 0.214496, 0.903172, -0.867899, 2.286657, -0.846628, -0.284689, -0.619104, -1.158962, 0.030613, 0.011854, 0.026950, 0.025817, 0.021759, 0.034383, 0.035580, 0.012598, 0.060693
201.000000, -0.147934, -0.492018, 1.139145, -0.721738, 2.353487, -0.885102, -1.271219, -0.279665, -0.095268, 0.031521, 0.029410, 0.020368, 0.047965, 0.042389, 0.040103, 0.030201, 0.014136, 0.052461
220.000000, 0.215809, -1.001742, 1.431800, -0.554389, 1.643265, -0.668239, -1.731060, 0.236393, 1.080245, 0.065124, 0.041850, 0.014654, 0.053581, 0.031206, 0.030656, 0.045572, 0.016524, 0.019704
240.000000, 0.385531, -1.196877, 1.689391, -0.500121, 0.563206, -0.312393, -1.561290, 0.660463, 1.807301, 0.105449, 0.055968, 0.015744, 0.041115, 0.043059, 0.026543, 0.046744, 0.012340, 0.024539
261.000000, 0.361196, -1.114040, 1.817351, -0.521994, -0.412438, 0.081673, -1.074575, 0.804751, 1.871464, 0.115916, 0.048013, 0.017717, 0.026433, 0.028593, 0.014157, 0.054289, 0.006835, 0.045951
281.000000, 0.142757, -0.845252, 1.791773, -0.455878, -1.022734, 0.439759, -0.623609, 0.653576, 1.438360, 0.084802, 0.025270, 0.022848, 0.028327, 0.032673, 0.009470, 0.054890, 0.016506, 0.080033
299.000000, -0.181910, -0.525605, 1.712744, -0.260144, -1.287722, 0.659001, -0.368874, 0.364590, 0.904979, 0.055132, 0.015625, 0.026447, 0.038748, 0.034505, 0.010913, 0.039547, 0.035553, 0.041694
320.000000, -0.514656, -0.203826, 1.645065, -0.027353, -1.374250, 0.714658, -0.097355, 0.076887, 0.410803, 0.037858, 0.010220, 0.022277, 0.039344, 0.028795, 0.024430, 0.029002, 0.039851, 0.009142
340.000000, -0.818511, 0.118860, 1.607217, 0.133960, -1.314985, 0.645487, 0.289919, -0.164350, -0.025372, 0.035425, 0.009718, 0.018462, 0.043879, 0.015116, 0.033041, 0.021304, 0.026900, 0.008801
361.000000, -1.073847, 0.419337, 1.605479, 0.149579, -1.058191, 0.471592, 0.739119, -0.410812, -0.357560, 0.051134, 0.009799, 0.018684, 0.034935, 0.010750, 0.025954, 0.014064, 0.014949, 0.009865
379.000000, -1.238717, 0.658919, 1.642353, 0.063007, -0.660708, 0.177564, 1.003815, -0.745300, -0.438545, 0.085664, 0.005593, 0.016410, 0.023617, 0.034416, 0.021787, 0.011034, 0.006393, 0.011739
400.000000, -1.210525, 0.856636, 1.665555, 0.100261, -0.480766, -0.285346, 0.957571, -1.122486, -0.289123, 0.089694, 0.006054, 0.014082, 0.029194, 0.025453, 0.016135, 0.011806, 0.003197, 0.032259
420.000000, -0.985159, 1.081595, 1.547346, 0.451084, -0.467079, -0.879542, 0.771393, -1.279770, -0.265751, 0.052824, 0.014560, 0.016686, 0.032442, 0.002252, 0.016528, 0.016940, 0.021488, 0.045903
441.000000, -0.604520, 1.311124, 1.240147, 0.989061, -0.389522, -1.447941, 0.516572, -1.019443, -0.434096, 0.033116, 0.016313, 0.021227, 0.062434, 0.008871, 0.024363, 0.026664, 0.051124, 0.034500
461.000000, -0.098518, 1.475904, 0.762491, 1.413111, -0.154614, -1.807351, 0.231022, -0.335063, -0.693816, 0.042519, 0.013138, 0.032474, 0.115975, 0.025522, 0.043206, 0.046897, 0.069930, 0.036679
480.000000, 0.432293, 1.487315, 0.237466, 1.404907, 0.218916, -1.786893, -0.041127, 0.572026, -0.840505, 0.073460, 0.013279, 0.056295, 0.147889, 0.037285, 0.053932, 0.118933, 0.066923, 0.054988
500.000000, 0.778152, 1.376821, -0.087890, 0.998434, 0.518436, -1.475440, -0.194323, 1.219238, -0.775710, 0.113444, 0.011724, 0.060226, 0.131519, 0.036228, 0.081601, 0.163171, 0.089049, 0.061826
521.000000, 1.066886, 1.114710, -0.290792, 0.218213, 0.786261, -0.846925, -0.371309, 1.781312, -0.429103, 0.186072, 0.014483, 0.077005, 0.200837, 0.018525, 0.096156, 0.177751, 0.037667, 0.040392
541.000000, 1.137765, 0.824427, -0.223920, -0.560431, 0.826237, -0.060904, -0.476535, 1.946486, 0.038725, 0.216951, 0.017068, 0.086607, 0.199384, 0.010379, 0.082651, 0.132321, 0.020945, 0.033551
560.000000, 0.986577, 0.591103, 0.022232, -1.012555, 0.657779, 0.737570, -0.466146, 1.748698, 0.344227, 0.150619, 0.018567, 0.080088, 0.127673, 0.023043, 0.065466, 0.064071, 0.023217, 0.029085
580.000000, 0.612645, 0.422445, 0.305275, -1.025487, 0.401586, 1.436685, -0.299914, 1.252360, 0.320991, 0.068805, 0.023487, 0.068415, 0.084351, 0.025330, 0.030150, 0.024300, 0.043768, 0.014859
600.000000, 0.084831, 0.276763, 0.492119, -0.739681, 0.250981, 1.835703, -0.003304, 0.530718, 0.083564, 0.049096, 0.030126, 0.054273, 0.070334, 0.010428, 0.012229, 0.020613, 0.086229, 0.027895
621.000000, -0.445389, 0.114433, 0.571084, -0.429256, 0.249579, 1.806936, 0.290235, -0.274938, 0.000191, 0.038047, 0.030564, 0.039734, 0.044282, 0.005481, 0.020516, 0.017337, 0.124128, 0.046369
639.000000, -0.820016, -0.034673, 0.608625, -0.213817, 0.289313, 1.421634, 0.468253, -0.988673, 0.205738, 0.039314, 0.019391, 0.025888, 0.039429, 0.011662, 0.033440, 0.027034, 0.121820, 0.018151
660.000000, -1.009744, -0.151378, 0.631126, 0.029944, 0.223741, 0.670232, 0.590389, -1.624193, 0.653320, 0.046004, 0.013504, 0.014532, 0.046748, 0.007778, 0.038739, 0.044473, 0.049321, 0.018616
680.000000, -0.925523, -0.154049, 0.614616, 0.412190, -0.013157, -0.205053, 0.611778, -1.916981, 0.990658, 0.067776, 0.012706, 0.011592, 0.030858, 0.005295, 0.036637, 0.061272, 0.016409, 0.037218
701.000000, -0.611750, -0.026019, 0.491567, 0.996094, -0.338252, -0.987100, 0.542093, -1.705647, 0.902378, 0.049362, 0.012090, 0.012857, 0.019547, 0.005340, 0.016765, 0.046112, 0.046938, 0.065903
719.000000, -0.179628, 0.166188, 0.233597, 1.572814, -0.519288, -1.434877, 0.378178, -0.952832, 0.393396, 0.051420, 0.010272, 0.015212, 0.034972, 0.011591, 0.007293, 0.025061, 0.114204, 0.070622
740.000000, 0.251767, 0.316024, -0.080513, 1.778237, -0.441999, -1.457583, 0.147036, 0.095533, -0.120838, 0.120380, 0.008260, 0.017507, 0.072852, 0.014055, 0.007387, 0.029791, 0.141189, 0.027115
760.000000, 0.633688, 0.390632, -0.347457, 1.461132, -0.235938, -1.118572, -0.081046, 1.128951, -0.313621, 0.131866, 0.007118, 0.016719, 0.080625, 0.008601, 0.022627, 0.037104, 0.098005, 0.055524
781.000000, 0.874687, 0.419943, -0.484476, 0.767318, -0.113427, -0.527575, -0.184662, 1.837637, -0.167500, 0.075101, 0.007965, 0.021060, 0.044208, 0.007682, 0.040846, 0.045026, 0.037871, 0.094304
801.000000, 0.870481, 0.464642, -0.483353, 0.063070, -0.168940, 0.184153, -0.101044, 2.068595, 0.036539, 0.058535, 0.011856, 0.028417, 0.041202, 0.015722, 0.042779, 0.087919, 0.009513, 0.041700
820.000000, 0.533702, 0.561765, -0.366835, -0.354657, -0.301047, 0.989218, 0.115949, 1.794330, 0.027103, 0.109771, 0.014833, 0.030639, 0.082222, 0.010827, 0.016747, 0.095169, 0.009706, 0.033251
840.000000, -0.035001, 0.655048, -0.199022, -0.370947, -0.269288, 1.647123, 0.266699, 1.164134, -0.238243, 0.156022, 0.014612, 0.024136, 0.073692, 0.009515, 0.012231, 0.031323, 0.032954, 0.053370
861.000000, -0.741123, 0.651400, 0.060667, -0.428471, -0.014736, 1.957425, 0.242804, 0.210508, -0.358211, 0.019649, 0.016181, 0.013420, 0.049664, 0.007590, 0.008308, 0.009848, 0.045981, 0.024993
881.000000, -1.199603, 0.562467, 0.386838, -0.707925, 0.096953, 1.646051, 0.407798, -0.740577, -0.169604, 0.832046, 0.017335, 0.013494, 0.034362, 0.011882, 0.079569, 0.025564, 0.116070, 0.024650
899.000000, -1.232310, 0.479007, 0.596595, -0.853517, 0.119569, 1.042998, 0.872798, -1.274065, -0.266733, 3.006079, 0.013643, 0.008632, 0.046409, 0.011676, 0.159674, 0.048486, 0.044478, 0.059773
920.000000, -1.184261, 0.332092, 0.730912, -0.796329, 0.403242, 0.297998, 1.304637, -1.504933, -0.749375, 4.330661, 0.016112, 0.005091, 0.059007, 0.010594, 0.147963, 0.032745, 0.004396, 0.081133
940.000000, -1.133549, 0.025779, 0.851220, -0.578232, 1.085892, -0.364393, 1.183959, -1.366179, -1.272050, 2.824315, 0.025687, 0.003728, 0.062528, 0.028942, 0.074757, 0.051084, 0.028436, 0.028270
961.000000, -1.035684, -0.477782, 1.065557, -0.360860, 1.894788, -0.767246, 0.292509, -0.907486, -1.268572, 0.673699, 0.032970, 0.010848, 0.058778, 0.042679, 0.026519, 0.144712, 0.052673, 0.037114
979.000000, -0.814689, -1.079082, 1.418437, -0.268203, 2.281452, -0.848996, -1.009832, -0.282328, -0.483875, 0.027966, 0.026949, 0.027403, 0.060519, 0.040723, 0.022155, 0.164489, 0.038418, 0.139527
1000.000000, -0.501412, -1.577639, 1.822836, -0.282166, 1.870439, -0.661916, -2.022389, 0.315311, 0.739761, 0.087302, 0.015499, 0.045082, 0.042914, 0.081155, 0.037326, 0.128435, 0.014584, 0.129200
1020.000000, -0.253236, -1.804277, 2.109308, -0.286103, 0.800722, -0.318073, -2.245820, 0.722737, 1.709087, 0.074052, 0.015612, 0.047173, 0.029249, 0.142941, 0.038763, 0.176601, 0.011414, 0.027844
1041.000000, -0.226596, -1.733171, 2.154291, -0.193604, -0.371960, 0.068395, -1.720926, 0.853899, 1.924122, 0.093826, 0.025772, 0.033282, 0.039988, 0.137072, 0.017946, 0.190516, 0.047107, 0.020159
1059.000000, -0.439226, -1.477253, 1.972208, -0.024811, -1.113350, 0.407185, -0.883238, 0.707558, 1.419456, 0.098370, 0.035327, 0.023159, 0.050227, 0.079378, 0.009452, 0.101091, 0.091562, 0.065438
1080.000000, -0.708580, -1.243975, 1.750406, 0.083411, -1.266677, 0.613997, -0.284832, 0.437455, 0.791488, 0.033492, 0.027805, 0.015557, 0.065735, 0.043456, 0.026289, 0.066333, 0.054170, 0.096301
1100.000000, -1.007709, -0.985173, 1.496269, 0.196251, -1.130287, 0.691299, 0.288292, -0.044174, 0.128075, 0.023466, 0.029348, 0.011788, 0.057893, 0.022042, 0.035517, 0.059527, 0.046289, 0.057748
1121.000000, -1.233123, -0.734096, 1.321509, 0.299013, -0.869871, 0.501253, 0.769146, -0.671989, -0.226292, 0.056883, 0.027472, 0.009801, 0.037347, 0.025693, 0.030750, 0.083495, 0.010655, 0.027764
1141.000000, -1.283012, -0.479952, 1.219548, 0.459061, -0.742090, 0.010561, 1.063471, -1.220372, -0.306928, 0.117408, 0.021939, 0.009700, 0.022369, 0.040396, 0.031989, 0.083331, 0.018484, 0.007243
1160.000000, -1.133862, -0.217126, 1.122280, 0.715740, -0.692546, -0.636950, 1.035688, -1.469349, -0.356433, 0.090579, 0.011624, 0.010106, 0.007841, 0.041751, 0.041204, 0.034603, 0.036449, 0.019055
1180.000000, -0.701745, 0.086918, 0.937570, 1.167954, -0.590099, -1.375653, 0.643934, -1.273952, -0.484998, 0.034439, 0.011209, 0.013799, 0.031727, 0.024466, 0.083975, 0.031639, 0.023664, 0.049442
1201.000000, -0.024635, 0.323748, 0.601330, 1.657304, -0.311154, -1.835798, 0.189009, -0.499050, -0.747412, 0.075962, 0.015890, 0.031378, 0.068476, 0.013271, 0.053050, 0.100892, 0.051626, 0.057715
1221.000000, 0.632556, 0.365101, 0.250516, 1.644751, 0.126102, -1.830223, -0.069339, 0.519768, -0.952062, 0.123390, 0.011380, 0.047389, 0.035834, 0.057739, 0.021300, 0.148409, 0.082184, 0.039930
1239.000000, 1.183922, 0.216808, 0.021136, 0.936783, 0.621934, -1.413442, -0.208912, 1.514436, -0.914440, 0.188380, 0.013568, 0.028088, 0.055285, 0.053607, 0.025806, 0.163251, 0.024843, 0.015172
1260.000000, 1.475350, -0.097397, 0.049130, -0.284081, 0.987569, -0.659549, -0.347411, 2.138974, -0.535151, 0.266854, 0.013248, 0.020945, 0.056227, 0.016145, 0.059019, 0.114313, 0.021853, 0.052508
1280.000000, 1.435152, -0.441113, 0.276974, -1.260379, 1.004871, 0.240076, -0.494993, 2.205225, -0.034021, 0.314812, 0.014524, 0.016037, 0.038740, 0.020951, 0.063241, 0.059429, 0.010311, 0.059100
1301.000000, 1.032192, -0.769848, 0.524343, -1.550996, 0.694239, 1.303751, -0.491185, 1.704976, 0.268157, 0.247059, 0.024685, 0.014578, 0.040878, 0.038074, 0.030756, 0.046756, 0.043792, 0.031761
1319.000000, 0.366608, -1.009661, 0.497320, -1.028927, 0.435268, 2.020965, -0.179975, 0.687669, 0.109343, 0.131384, 0.030846, 0.017747, 0.060573, 0.046725, 0.036879, 0.047810, 0.092795, 0.023163
1340.000000, -0.228315, -1.219903, 0.267985, -0.409806, 0.477118, 2.006415, 0.218181, -0.476730, -0.083335, 0.079689, 0.025311, 0.034224, 0.072322, 0.017704, 0.032239, 0.053648, 0.101852, 0.054528
1360.000000, -0.645667, -1.472731, 0.047181, -0.003095, 0.665492, 1.337843, 0.446037, -1.539797, 0.068203, 0.060405, 0.018286, 0.048385, 0.054099, 0.015307, 0.064186, 0.053167, 0.077631, 0.093796
1381.000000, -0.750532, -1.748317, 0.010822, 0.230957, 0.706727, 0.194000, 0.315111, -2.165777, 0.694143, 0.033682, 0.009018, 0.047441, 0.047270, 0.028253, 0.042891, 0.078718, 0.025767, 0.139297
1401.000000, -0.465528, -1.902927, 0.188052, 0.632691, 0.408568, -0.843856, -0.170816, -2.010819, 1.296949, 0.025710, 0.006859, 0.036906, 0.024858, 0.058112, 0.039862, 0.158368, 0.041354, 0.127430
1420.000000, 0.026218, -1.882392, 0.379802, 1.243760, -0.047553, -1.328700, -0.712197, -1.212364, 1.414612, 0.041603, 0.009262, 0.021947, 0.042444, 0.042331, 0.030965, 0.185442, 0.062829, 0.059102
1440.000000, 0.550449, -1.722824, 0.437519, 1.827585, -0.460590, -1.285490, -1.037426, -0.153068, 1.082930, 0.089325, 0.014442, 0.016975, 0.073660, 0.034143, 0.019920, 0.126928, 0.081877, 0.113446
1461.000000, 1.010037, -1.432175, 0.266851, 2.014887, -0.743544, -0.708918, -0.997636, 0.837587, 0.564872, 0.161334, 0.026525, 0.022175, 0.059414, 0.078999, 0.033796, 0.031744, 0.077317, 0.099384
1481.000000, 1.155305, -1.023664, -0.100508, 1.587450, -1.034427, 0.095482, -0.644154, 1.080404, 0.406021, 0.207091, 0.046451, 0.020158, 0.104883, 0.072297, 0.092124, 0.030626, 0.093790, 0.052868
1500.000000, 0.990411, -0.473972, -0.453904, 1.239804, -1.454288, 0.598498, -0.367882, 0.643785, 0.439410, 0.158502, 0.026113, 0.024717, 0.101406, 0.029927, 0.158132, 0.031177, 0.047462, 0.048059
1520.000000, 0.765321, 0.216322, -0.739808, 1.146753, -1.721367, 0.726486, -0.125159, 0.250992, 0.177491, 0.097726, 0.036041, 0.028470, 0.069414, 0.030897, 0.135956, 0.034094, 0.012976, 0.017268
1541.000000, 0.560054, 1.027862, -0.961058, 0.936817, -1.598432, 0.589088, 0.254936, 0.019004, -0.316287, 0.075651, 0.021979, 0.024505, 0.103567, 0.040634, 0.075075, 0.033018, 0.027913, 0.023233
1561.000000, 0.431590, 1.660176, -1.127750, 0.741686, -1.269976, 0.392006, 0.607161, -0.230748, -0.649229, 0.082562, 0.013198, 0.015554, 0.128541, 0.039082, 0.047233, 0.027146, 0.063314, 0.068496
1579.000000, 0.394318, 1.994883, -1.331316, 0.744622, -0.963916, 0.172449, 0.901273, -0.355441, -0.898216, 0.082309, 0.015148, 0.018258, 0.096534, 0.020924, 0.043311, 0.019029, 0.079346, 0.065686
1600.000000, 0.408728, 2.175333, -1.520653, 0.677173, -0.571222, -0.042827, 1.138565, -0.200273, -1.159608, 0.074836, 0.011972, 0.027196, 0.064901, 0.028235, 0.031510, 0.021156, 0.095764, 0.035429
1620.000000, 0.447456, 2.167145, -1.596400, 0.320990, 0.055641, -0.122394, 1.112395, 0.278002, -1.505117, 0.067107, 0.017478, 0.040883, 0.050408, 0.049475, 0.030237, 0.033628, 0.085118, 0.027072
1641.000000, 0.430701, 1.885574, -1.430936, -0.420286, 0.926547, 0.094437, 0.582152, 0.759183, -1.732251, 0.055854, 0.028014, 0.053569, 0.060051, 0.068576, 0.045954, 0.058795, 0.024286, 0.021182
1659.000000, 0.286026, 1.358251, -1.044745, -1.200413, 1.721906, 0.526265, -0.324089, 0.841115, -1.514876, 0.040079, 0.041758, 0.046003, 0.059340, 0.057264, 0.036918, 0.097005, 0.006865, 0.033089
1680.000000, 0.007538, 0.699193, -0.587663, -1.617752, 2.060531, 0.931990, -1.215697, 0.429148, -0.700705, 0.017608, 0.034456, 0.022164, 0.038941, 0.023705, 0.022186, 0.078913, 0.028593, 0.080633
1700.000000, -0.319147, 0.113791, -0.238905, -1.414577, 1.710662, 1.062711, -1.597125, -0.250017, 0.491232, 0.020942, 0.031281, 0.011678, 0.072727, 0.069409, 0.023082, 0.032649, 0.027728, 0.134319
1721.000000, -0.572253, -0.204506, -0.100542, -0.726055, 0.853840, 0.874566, -1.343805, -0.781467, 1.517474, 0.032675, 0.031266, 0.017651, 0.072431, 0.110972, 0.027830, 0.052118, 0.021468, 0.070389
1741.000000, -0.716565, -0.220042, -0.123367, 0.058554, -0.137466, 0.505323, -0.710212, -0.997202, 2.001746, 0.042841, 0.038294, 0.019022, 0.048257, 0.086840, 0.026208, 0.063548, 0.021306, 0.018161
1760.000000, -0.739488, 0.029139, -0.218511, 0.578889, -0.884683, 0.094965, -0.115567, -0.957893, 1.803871, 0.049115, 0.042897, 0.017754, 0.053599, 0.045896, 0.016460, 0.027800, 0.023681, 0.032898
1780.000000, -0.624064, 0.448769, -0.325155, 0.716718, -1.184234, -0.298407, 0.076289, -0.839363, 1.089378, 0.049279, 0.041062, 0.020323, 0.029203, 0.026869, 0.020403, 0.021627, 0.025602, 0.068034
1801.000000, -0.400739, 0.846398, -0.481825, 0.764182, -1.145531, -0.622439, -0.039870, -0.746991, 0.408367, 0.050023, 0.039628, 0.022733, 0.034905, 0.022691, 0.029205, 0.052441, 0.014048, 0.071013
1821.000000, -0.107231, 1.169131, -0.776059, 0.997973, -1.077864, -0.876418, -0.017586, -0.557919, -0.092423, 0.059003, 0.026035, 0.022424, 0.047775, 0.018423, 0.018141, 0.041558, 0.023730, 0.029394
1840.000000, 0.248866, 1.433959, -1.225584, 1.279281, -0.965182, -1.029116, 0.433587, -0.126311, -0.647369, 0.064783, 0.015663, 0.026458, 0.038221, 0.021673, 0.010663, 0.053234, 0.052290, 0.028167
1860.000000, 0.579072, 1.549913, -1.640272, 1.109778, -0.568473, -0.991495, 1.065914, 0.479429, -1.333783, 0.076268, 0.009589, 0.036808, 0.129526, 0.053154, 0.021422, 0.094788, 0.048485, 0.060331
1880.000000, 0.815512, 1.442134, -1.809862, 0.258799, 0.225072, -0.759506, 1.362357, 0.997231, -1.949219, 0.087796, 0.012455, 0.041254, 0.295651, 0.124690, 0.027286, 0.089567, 0.054583, 0.049250
1901.000000, 0.921924, 0.984461, -1.587674, -1.266913, 1.370054, -0.315297, 0.841609, 1.216763, -2.058651, 0.086790, 0.015496, 0.051775, 0.145508, 0.060799, 0.034357, 0.070672, 0.046384, 0.046336
1919.000000, 0.815629, 0.239981, -1.005469, -2.582936, 2.090037, 0.254256, -0.428068, 0.971392, -1.153772, 0.079382, 0.027776, 0.039035, 0.081493, 0.041396, 0.036849, 0.073985, 0.043686, 0.119553
1940.000000, 0.517778, -0.418955, -0.433483, -2.698174, 1.700730, 0.754012, -1.478515, 0.425438, 0.329543, 0.059985, 0.044160, 0.011080, 0.091186, 0.080598, 0.040776, 0.035641, 0.036797, 0.041257
1960.000000, 0.152249, -0.722794, -0.116083, -1.842534, 0.621801, 1.012196, -1.631154, -0.153594, 1.401657, 0.046128, 0.058087, 0.009793, 0.090604, 0.172055, 0.035682, 0.076487, 0.057781, 0.045256
1981.000000, -0.140551, -0.671109, -0.040967, -0.795450, -0.365463, 0.978424, -1.123775, -0.530383, 1.658284, 0.025333, 0.056469, 0.013264, 0.044604, 0.093397, 0.021143, 0.159495, 0.092086, 0.036302
1999.000000, -0.366992, -0.367949, -0.078577, -0.040650, -0.965578, 0.711489, -0.384028, -0.726872, 1.294239, 0.008976, 0.026595, 0.013495, 0.015199, 0.066467, 0.029299, 0.113177, 0.098314, 0.023354
2020.000000, -0.480594, 0.002860, -0.114953, 0.202203, -1.052318, 0.341021, 0.232956, -0.781212, 0.703038, 0.015031, 0.019688, 0.014193, 0.041181, 0.063140, 0.052631, 0.039954, 0.074454, 0.035356
2040.000000, -0.449766, 0.271280, -0.135767, 0.296920, -0.789335, -0.056284, 0.699981, -0.728113, 0.113270, 0.019689, 0.010284, 0.016313, 0.058438, 0.076390, 0.054804, 0.082050, 0.042761, 0.052876
2061.000000, -0.178520, 0.400246, -0.246103, 0.575630, -0.506417, -0.394347, 1.067946, -0.517307, -0.458688, 0.053576, 0.051182, 0.011403, 0.140566, 0.110165, 0.023217, 0.208627, 0.083833, 0.091070
2081.000000, 0.192391, 0.512281, -0.535662, 0.767667, 0.060315, -0.746147, 1.719499, -0.025098, -1.351346, 0.157313, 0.057714, 0.064949, 0.225409, 0.069828, 0.030913, 0.042205, 0.057462, 0.014861
2100.000000, 0.496648, 0.202586, -0.605606, 0.098069, 0.876474, -0.625211, 1.194613, 0.817023, -1.368226, 0.232325, 0.051033, 0.118979, 0.145168, 0.031058, 0.063077, 0.084789, 0.100794, 0.115567
2120.000000, 0.571591, -0.160602, -0.488814, -0.589169, 1.021348, -0.181394, 0.141771, 1.055963, -0.440674, 0.225263, 0.031907, 0.103270, 0.288095, 0.037170, 0.055792, 0.075938, 0.226393, 0.257421
2141.000000, 0.412888, -0.401116, -0.274571, -0.923375, 0.450789, 0.370880, -0.762924, 0.518914, 0.895337, 0.125585, 0.015958, 0.045325, 0.331174, 0.045943, 0.137019, 0.057537, 0.161308, 0.054051
2161.000000, 0.182619, -0.271551, -0.162633, -0.326587, -0.576923, 0.467413, -0.741741, -0.607151, 1.621621, 0.056283, 0.023320, 0.027988, 0.103887, 0.029306, 0.118929, 0.041320, 0.090974, 0.034707
2179.000000, 0.190171, 0.119776, -0.281337, 0.745441, -1.139521, -0.023245, 0.098827, -1.277514, 1.050600, 0.052617, 0.041738, 0.030899, 0.090832, 0.019083, 0.074293, 0.027036, 0.071284, 0.232220
2200.000000, 0.490376, 0.492029, -0.580780, 1.556702, -1.009185, -0.751279, 0.999172, -1.068537, -0.133995, 0.046288, 0.039429, 0.022076, 0.046010, 0.023620, 0.037565, 0.021934, 0.060134, 0.188821
2220.000000, 0.929689, 0.649360, -0.934125, 1.528700, -0.511292, -1.184344, 1.447472, -0.243790, -1.102046, 0.072849, 0.031087, 0.021204, 0.112448, 0.020874, 0.026096, 0.047985, 0.049362, 0.079785
2241.000000, 1.273758, 0.588082, -1.164286, 0.860709, 0.030183, -1.201758, 1.460683, 0.489906, -1.547712, 0.197147, 0.021027, 0.020272, 0.157182, 0.029943, 0.011604, 0.077129, 0.057473, 0.085631
2259.000000, 1.544313, 0.348399, -1.210346, -0.109929, 0.641837, -0.996106, 1.122388, 0.901861, -1.708820, 0.348162, 0.030680, 0.012466, 0.112845, 0.098698, 0.008944, 0.067628, 0.031983, 0.076270
2280.000000, 1.757301, -0.111449, -1.004436, -1.099212, 1.387527, -0.658980, 0.388479, 1.023061, -1.672660, 0.345568, 0.048597, 0.010796, 0.077234, 0.069293, 0.011301, 0.088469, 0.030595, 0.032147
2300.000000, 1.824747, -0.814550, -0.592264, -1.928509, 2.038336, -0.164764, -0.774350, 1.079027, -1.245489, 0.217475, 0.062417, 0.025912, 0.130216, 0.039738, 0.024771, 0.048202, 0.072255, 0.064549
2321.000000, 1.587350, -1.549206, -0.244742, -2.470796, 2.139974, 0.522192, -1.914213, 1.174772, -0.334790, 0.159660, 0.063467, 0.043160, 0.170573, 0.074736, 0.063478, 0.054974, 0.031869, 0.128292
2339.000000, 0.998677, -2.094512, -0.194407, -2.578488, 1.584477, 1.337565, -2.623486, 1.089089, 0.798778, 0.219644, 0.039065, 0.052649, 0.082164, 0.192330, 0.095526, 0.079528, 0.034528, 0.113807
2360.000000, 0.197780, -2.313554, -0.492054, -2.123996, 0.599664, 2.033474, -2.732329, 0.647981, 1.736222, 0.251634, 0.036240, 0.095140, 0.117454, 0.188026, 0.055191, 0.104195, 0.105326, 0.054633
2380.000000, -0.551426, -2.159854, -1.029163, -1.196730, -0.425529, 2.318893, -2.320940, -0.094147, 2.084945, 0.086607, 0.043455, 0.146759, 0.246234, 0.068635, 0.042807, 0.163402, 0.106372, 0.013528
2401.000000, -0.972174, -1.731874, -1.526266, -0.276077, -1.087377, 2.052614, -1.711600, -0.778651, 1.745274, 0.703629, 0.037201, 0.152855, 0.193328, 0.057927, 0.122104, 0.305401, 0.100001, 0.042723
2421.000000, -1.055308, -1.225345, -1.753386, 0.112981, -1.361482, 1.430635, -1.175531, -1.093679, 1.076765, 2.822225, 0.027589, 0.108551, 0.090380, 0.086974, 0.121956, 0.370866, 0.176004, 0.109430
2440.000000, -1.047239, -0.730828, -1.710114, -0.064300, -1.453809, 0.755165, -0.666184, -1.048276, 0.411063, 4.238534, 0.024083, 0.061143, 0.072144, 0.082960, 0.066454, 0.271425, 0.217429, 0.143026
2460.000000, -1.119545, -0.286752, -1.527659, -0.464515, -1.463096, 0.220704, -0.077107, -0.885363, -0.091985, 2.904783, 0.020860, 0.033885, 0.068278, 0.054700, 0.102190, 0.154451, 0.180695, 0.149985
2481.000000, -1.234585, 0.082553, -1.365733, -0.648970, -1.328416, -0.190731, 0.580203, -0.864465, -0.472249, 0.816754, 0.015404, 0.021811, 0.101614, 0.043287, 0.211182, 0.153972, 0.092510, 0.187298
2501.000000, -1.257458, 0.336154, -1.305519, -0.489320, -0.997193, -0.591196, 1.122751, -1.032508, -0.803336, 0.092856, 0.015394, 0.019058, 0.137833, 0.051098, 0.165345, 0.107460, 0.018288, 0.199939
2519.000000, -0.882450, 0.395774, -1.304358, -0.157945, -0.342972, -1.229577, 1.431261, -1.225909, -1.154605, 0.100257, 0.021896, 0.017769, 0.094982, 0.055451, 0.097313, 0.038082, 0.018493, 0.170469
2540.000000, -0.094747, 0.118613, -1.307279, 0.118879, 0.426730, -1.944790, 1.002973, -1.035772, -1.222151, 0.080622, 0.013739, 0.021168, 0.116257, 0.045147, 0.018397, 0.045391, 0.071864, 0.065439
2560.000000, 0.726429, -0.346848, -1.235685, 0.181429, 0.824055, -2.159106, 0.000359, -0.229458, -0.687848, 0.071366, 0.016491, 0.036554, 0.218441, 0.078801, 0.048044, 0.133035, 0.110591, 0.092599
2581.000000, 1.253899, -0.719797, -1.111712, 0.123745, 0.791889, -1.814481, -0.824254, 0.630918, 0.084893, 0.131613, 0.022709, 0.066698, 0.286706, 0.082499, 0.097069, 0.210156, 0.067582, 0.170067
2599.000000, 1.532597, -0.950502, -1.005492, 0.084206, 0.557236, -1.162077, -1.188739, 1.204766, 0.702903, 0.333995, 0.029507, 0.099278, 0.206915, 0.040875, 0.057396, 0.209997, 0.034421, 0.155141
2620.000000, 1.657343, -1.045485, -0.947151, 0.118999, 0.185239, -0.342516, -1.057061, 1.334252, 1.026706, 0.428862, 0.028495, 0.112787, 0.066276, 0.024060, 0.036756, 0.104822, 0.034456, 0.114511
2640.000000, 1.656052, -1.008308, -0.965656, 0.186643, -0.129013, 0.264595, -0.497486, 1.023642, 0.890051, 0.322468, 0.026602, 0.100523, 0.032045, 0.023222, 0.038477, 0.038224, 0.024348, 0.067494
2661.000000, 1.581609, -0.909351, -1.034186, 0.217180, -0.295590, 0.516943, 0.178548, 0.586817, 0.507757, 0.211012, 0.026637, 0.080825, 0.067285, 0.013173, 0.035536, 0.055160, 0.023528, 0.053333
2681.000000, 1.535807, -0.857769, -1.065932, 0.173488, -0.319850, 0.517297, 0.399271, 0.485438, 0.337982, 0.228861, 0.036137, 0.073241, 0.089320, 0.014360, 0.030285, 0.092082, 0.038244, 0.053074
2700.000000, 1.473184, -0.811721, -1.082359, 0.133753, -0.295535, 0.477456, 0.550266, 0.420892, 0.255454, 0.316922, 0.050133, 0.069492, 0.074570, 0.009441, 0.024932, 0.196739, 0.068663, 0.077638
2720.000000, 1.440835, -0.783753, -1.087209, 0.117389, -0.266038, 0.448931, 0.597280, 0.383547, 0.268308, 0.364248, 0.062354, 0.068755, 0.055121, 0.008777, 0.024518, 0.247087, 0.092788, 0.073367
2741.000000, 1.450773, -0.768543, -1.088672, 0.104595, -0.254039, 0.433513, 0.608596, 0.352896, 0.275126, 0.320276, 0.068009, 0.068640, 0.053698, 0.009375, 0.027300, 0.262474, 0.113489, 0.072360
2761.000000, 1.469364, -0.762855, -1.091176, 0.112421, -0.243907, 0.421685, 0.601859, 0.346605, 0.271923, 0.268281, 0.069721, 0.069178, 0.054644, 0.009907, 0.030618, 0.252999, 0.120333, 0.074427
2780.000000, 1.465106, -0.762427, -1.096243, 0.119255, -0.234415, 0.408986, 0.585816, 0.353575, 0.270638, 0.279642, 0.069873, 0.070612, 0.056372, 0.012081, 0.036983, 0.233725, 0.112793, 0.075309
