0.000000, 16.151100, -35.551800, 219.440308, 0.000000, 0.000000, 0.000000, 0.000000, 0.000000, 0.000000
26.100000, 16.151300, -35.602402, 219.488800, 0.000000, 0.000000, 0.000000, 0.000000, 0.000000, 0.000000
34.694000, 16.150000, -35.616798, 219.502197, 0.000000, 0.000000, 0.000000, 0.000000, 0.000000, 0.000000
43.354000, 16.146200, -35.640800, 219.524506, 0.000000, 0.000000, 0.000000, 0.000000, 0.000000, 0.000000
52.069000, 16.143600, -35.667000, 219.543396, 0.000000, 0.000000, 0.000000, 0.000000, 0.000000, 0.000000
60.735001, 16.143101, -35.689499, 219.559402, 0.000000, 0.000000, 0.000000, 0.000000, 0.000000, 0.000000
69.394997, 16.143600, -35.709400, 219.572998, 0.000000, 0.000000, 0.000000, 0.000000, 0.000000, 0.000000
78.066002, 16.145100, -35.727402, 219.585403, 0.000000, 0.000000, 0.000000, 0.000000, 0.000000, 0.000000
86.761002, 16.146099, -35.744701, 219.596893, 0.000000, 0.000000, 0.000000, 0.000000, 0.000000, 0.000000
95.427002, 16.148001, -35.761101, 219.607300, 0.000000, 0.000000, 0.000000, 0.000000, 0.000000, 0.000000
104.079002, 16.150299, -35.776299, 219.617203, 0.000000, 0.000000, 0.000000, 0.000000, 0.000000, 0.000000
112.731003, 16.153900, -35.792400, 219.626205, 0.000000, 0.000000, 0.000000, 0.000000, 0.000000, 0.000000
121.415001, 16.156799, -35.807499, 219.634903, 0.000000, 0.000000, 0.000000, 0.000000, 0.000000, 0.000000
130.104004, 16.159100, -35.822498, 219.643097, 0.000000, 0.000000, 0.000000, 0.000000, 0.000000, 0.000000
138.759003, 16.161200, -35.836399, 219.649399, 0.000000, 0.000000, 0.000000, 0.000000, 0.000000, 0.000000
147.444000, 16.163200, -35.853001, 219.656296, 0.000000, 0.000000, 0.000000, 0.000000, 0.000000, 0.000000
156.324005, 16.164900, -35.870499, 219.662994, 0.000000, 0.000000, 0.000000, 0.000000, 0.000000, 0.000000
164.794998, 16.167200, -35.886101, 219.669998, 0.000000, 0.000000, 0.000000, 0.000000, 0.000000, 0.000000
173.445007, 16.167200, -35.899101, 219.677994, 0.000000, 0.000000, 0.000000, 0.000000, 0.000000, 0.000000
182.110001, 16.166500, -35.910900, 219.685104, 0.000000, 0.000000, 0.000000, 0.000000, 0.000000, 0.000000
190.820007, 16.166700, -35.922600, 219.692505, 0.000000, 0.000000, 0.000000, 0.000000, 0.000000, 0.000000
199.481003, 16.165800, -35.934799, 219.700104, 0.000000, 0.000000, 0.000000, 0.000000, 0.000000, 0.000000
208.181000, 16.163401, -35.945301, 219.706696, 0.000000, 0.000000, 0.000000, 0.000000, 0.000000, 0.000000
216.839005, 16.161301, -35.954399, 219.712296, 0.000000, 0.000000, 0.000000, 0.000000, 0.000000, 0.000000
225.602997, 16.159599, -35.964298, 219.718399, 0.000000, 0.000000, 0.000000, 0.000000, 0.000000, 0.000000
234.160995, 16.159201, -35.978298, 219.724792, 0.000000, 0.000000, 0.000000, 0.000000, 0.000000, 0.000000
242.832001, 16.160500, -35.993801, 219.731400, 0.000000, 0.000000, 0.000000, 0.000000, 0.000000, 0.000000
251.526993, 16.161200, -36.015499, 219.741196, 0.000000, 0.000000, 0.000000, 0.000000, 0.000000, 0.000000
260.175995, 16.162001, -36.038502, 219.752899, 0.000000, 0.000000, 0.000000, 0.000000, 0.000000, 0.000000
268.872009, 16.162901, -36.065498, 219.765701, 0.000000, 0.000000, 0.000000, 0.000000, 0.000000, 0.000000
277.516998, 16.164499, -36.094200, 219.779495, 0.000000, 0.000000, 0.000000, 0.000000, 0.000000, 0.000000
286.209991, 16.166401, -36.125198, 219.793701, 0.000000, 0.000000, 0.000000, 0.000000, 0.000000, 0.000000
294.867004, 16.166700, -36.153301, 219.804993, 0.000000, 0.000000, 0.000000, 0.000000, 0.000000, 0.000000
303.556000, 16.169901, -36.182999, 219.814194, 0.000000, 0.000000, 0.000000, 0.000000, 0.000000, 0.000000
312.220001, 16.173100, -36.212101, 219.821594, 0.000000, 0.000000, 0.000000, 0.000000, 0.000000, 0.000000
320.964996, 16.173000, -36.239799, 219.828796, 0.000000, 0.000000, 0.000000, 0.000000, 0.000000, 0.000000
329.545990, 16.171400, -36.263901, 219.835907, 0.000000, 0.000000, 0.000000, 0.000000, 0.000000, 0.000000
338.248993, 16.170900, -36.292198, 219.841705, 0.000000, 0.000000, 0.000000, 0.000000, 0.000000, 0.000000
346.914001, 16.172199, -36.319099, 219.847107, 0.000000, 0.000000, 0.000000, 0.000000, 0.000000, 0.000000
356.009003, 16.173901, -36.339699, 219.852798, 0.000000, 0.000000, 0.000000, 0.000000, 0.000000, 0.000000
364.242004, 16.176100, -36.354198, 219.857803, 0.000000, 0.000000, 0.000000, 0.000000, 0.000000, 0.000000
372.911987, 16.180201, -36.366402, 219.862701, 0.000000, 0.000000, 0.000000, 0.000000, 0.000000, 0.000000
381.585999, 16.183500, -36.373901, 219.866302, 0.000000, 0.000000, 0.000000, 0.000000, 0.000000, 0.000000
390.384003, 16.185101, -36.376499, 219.868301, 0.000000, 0.000000, 0.000000, 0.000000, 0.000000, 0.000000
398.947998, 16.185900, -36.376900, 219.868698, 0.000000, 0.000000, 0.000000, 0.000000, 0.000000, 0.000000
407.613007, 16.186899, -36.375500, 219.868805, 0.000000, 0.000000, 0.000000, 0.000000, 0.000000, 0.000000
416.256989, 16.190399, -36.365799, 219.868103, 0.000000, 0.000000, 0.000000, 0.000000, 0.000000, 0.000000
424.941986, 16.196199, -36.349800, 219.866104, 0.000000, 0.000000, 0.000000, 0.000000, 0.000000, 0.000000
433.615997, 16.198099, -36.330399, 219.860596, 0.000000, 0.000000, 0.000000, 0.000000, 0.000000, 0.000000
442.282990, 16.204201, -36.302898, 219.850204, 0.000000, 0.000000, 0.000000, 0.000000, 0.000000, 0.000000
450.949005, 16.220200, -36.237099, 219.827805, 0.000000, 0.000000, 0.000000, 0.000000, 0.000000, 0.000000
459.621002, 16.236601, -36.163898, 219.806396, 0.000000, 0.000000, 0.000000, 0.000000, 0.000000, 0.000000
468.295013, 16.255800, -36.055199, 219.775696, 0.000000, 0.000000, 0.000000, 0.000000, 0.000000, 0.000000
476.959991, 16.270800, -35.914700, 219.748093, 0.000000, 0.000000, 0.000000, 0.000000, 0.000000, 0.000000
486.476990, 16.275499, -35.759701, 219.716507, 0.000000, 0.000000, 0.000000, 0.000000, 0.000000, 0.000000
494.319000, 16.277399, -35.656601, 219.694794, 0.000000, 0.000000, 0.000000, 0.000000, 0.000000, 0.000000
502.998993, 16.281601, -35.528000, 219.658203, 0.000000, 0.000000, 0.000000, 0.000000, 0.000000, 0.000000
511.670013, 16.281099, -35.407299, 219.623901, 0.000000, 0.000000, 0.000000, 0.000000, 0.000000, 0.000000
520.322998, 16.270901, -35.223202, 219.588104, 0.000000, 0.000000, 0.000000, 0.000000, 0.000000, 0.000000
528.992004, 16.259100, -35.046299, 219.557205, 0.000000, 0.000000, 0.000000, 0.000000, 0.000000, 0.000000
537.671021, 16.248899, -34.891399, 219.530807, 0.000000, 0.000000, 0.000000, 0.000000, 0.000000, 0.000000
546.361023, 16.240000, -34.742100, 219.503006, 0.000000, 0.000000, 0.000000, 0.000000, 0.000000, 0.000000
555.000000, 16.226400, -34.579700, 219.474396, 0.000000, 0.000000, 0.000000, 0.000000, 0.000000, 0.000000
563.705017, 16.221500, -34.391602, 219.436005, 0.000000, 0.000000, 0.000000, 0.000000, 0.000000, 0.000000
572.369019, 16.208200, -34.241001, 219.401993, 0.000000, 0.000000, 0.000000, 0.000000, 0.000000, 0.000000
581.046021, 16.192499, -34.116299, 219.378906, 0.000000, 0.000000, 0.000000, 0.000000, 0.000000, 0.000000
589.731018, 16.162800, -34.034599, 219.387100, 0.000000, 0.000000, 0.000000, 0.000000, 0.000000, 0.000000
598.393005, 16.083300, -33.930199, 219.422104, 0.000000, 0.000000, 0.000000, 0.000000, 0.000000, 0.000000
607.065002, 15.976700, -33.830200, 219.493301, 0.000000, 0.000000, 0.000000, 0.000000, 0.000000, 0.000000
616.129028, 15.782200, -33.711399, 219.754395, 0.000000, 0.000000, 0.000000, 0.000000, 0.000000, 0.000000
624.395996, 15.551600, -33.627102, 220.159302, 0.000000, 0.000000, 0.000000, 0.000000, 0.000000, 0.000000
633.052979, 15.262400, -33.587101, 220.866196, 0.000000, 0.000000, 0.000000, 0.000000, 0.000000, 0.000000
641.780029, 14.842100, -33.652100, 221.951294, 0.000000, 0.000000, 0.000000, 0.000000, 0.000000, 0.000000
650.418030, 14.413700, -33.920601, 223.240295, 0.000000, 0.000000, 0.000000, 0.000000, 0.000000, 0.000000
659.072998, 13.903200, -34.374699, 225.028000, 0.000000, 0.000000, 0.000000, 0.000000, 0.000000, 0.000000
667.742981, 13.445800, -35.074699, 227.072098, 0.000000, 0.000000, 0.000000, 0.000000, 0.000000, 0.000000
676.431030, 13.369500, -36.129299, 229.799393, 0.000000, 0.000000, 0.000000, 0.000000, 0.000000, 0.000000
685.164978, 14.290400, -37.525902, 232.542892, 0.000000, 0.000000, 0.000000, 0.000000, 0.000000, 0.000000
693.765991, 15.340400, -39.156101, 235.468903, 0.000000, 0.000000, 0.000000, 0.000000, 0.000000, 0.000000
702.473022, 16.327700, -41.017101, 238.417999, 0.000000, 0.000000, 0.000000, 0.000000, 0.000000, 0.000000
711.112976, 17.383200, -43.112202, 241.569702, 0.000000, 0.000000, 0.000000, 0.000000, 0.000000, 0.000000
719.802979, 18.571600, -45.298801, 244.878403, 0.000000, 0.000000, 0.000000, 0.000000, 0.000000, 0.000000
728.450012, 19.728201, -47.660099, 247.806396, 0.000000, 0.000000, 0.000000, 0.000000, 0.000000, 0.000000
737.143005, 20.344500, -50.754700, 251.132401, 0.000000, 0.000000, 0.000000, 0.000000, 0.000000, 0.000000
745.806030, 20.924200, -53.920799, 254.502396, 0.000000, 0.000000, 0.000000, 0.000000, 0.000000, 0.000000
754.492004, 21.221600, -57.146198, 258.075989, 0.000000, 0.000000, 0.000000, 0.000000, 0.000000, 0.000000
763.133972, 21.291800, -60.796600, 261.741089, 0.000000, 0.000000, 0.000000, 0.000000, 0.000000, 0.000000
771.804993, 21.239000, -64.814903, 265.407288, 0.000000, 0.000000, 0.000000, 0.000000, 0.000000, 0.000000
781.075012, 20.441000, -69.122498, 269.740387, 0.000000, 0.000000, 0.000000, 0.000000, 0.000000, 0.000000
789.184998, 19.645100, -73.232101, 273.384186, 0.000000, 0.000000, 0.000000, 0.000000, 0.000000, 0.000000
797.828003, 19.685600, -77.939003, 277.209106, 0.000000, 0.000000, 0.000000, 0.000000, 0.000000, 0.000000
806.489990, 19.404699, -83.605904, 281.697815, 0.000000, 0.000000, 0.000000, 0.000000, 0.000000, 0.000000
815.195007, 19.096500, -89.366600, 286.359100, 0.000000, 0.000000, 0.000000, 0.000000, 0.000000, 0.000000
823.864990, 18.773199, -95.242302, 290.230286, 0.000000, 0.000000, 0.000000, 0.000000, 0.000000, 0.000000
832.512024, 18.782101, -101.412102, 294.771515, 0.000000, 0.000000, 0.000000, 0.000000, 0.000000, 0.000000
841.213013, 19.454000, -107.887398, 299.068695, 0.000000, 0.000000, 0.000000, 0.000000, 0.000000, 0.000000
849.898010, 19.398600, -114.400597, 303.553894, 0.000000, 0.000000, 0.000000, 0.000000, 0.000000, 0.000000
858.530029, 19.584400, -121.077202, 308.004913, 0.000000, 0.000000, 0.000000, 0.000000, 0.000000, 0.000000
867.224976, 19.892599, -127.902702, 311.689392, 0.000000, 0.000000, 0.000000, 0.000000, 0.000000, 0.000000
875.898010, 19.642500, -134.848694, 315.812592, 0.000000, 0.000000, 0.000000, 0.000000, 0.000000, 0.000000
884.611023, 19.195101, -141.618500, 319.345490, 0.000000, 0.000000, 0.000000, 0.000000, 0.000000, 0.000000
893.242981, 18.829700, -148.307297, 322.947601, 0.000000, 0.000000, 0.000000, 0.000000, 0.000000, 0.000000
901.885986, 18.455099, -154.672806, 325.521912, 0.000000, 0.000000, 0.000000, 0.000000, 0.000000, 0.000000
910.578003, 18.841999, -161.137802, 327.997314, 0.000000, 0.000000, 0.000000, 0.000000, 0.000000, 0.000000
919.245972, 18.841700, -167.590897, 330.408813, 0.000000, 0.000000, 0.000000, 0.000000, 0.000000, 0.000000
927.906006, 18.324800, -173.159195, 332.309692, 0.000000, 0.000000, 0.000000, 0.000000, 0.000000, 0.000000
936.581970, 18.111200, -178.559692, 334.831787, 0.000000, 0.000000, 0.000000, 0.000000, 0.000000, 0.000000
945.273010, 18.211599, -184.154907, 337.088806, 0.000000, 0.000000, 0.000000, 0.000000, 0.000000, 0.000000
953.969971, 18.531601, -190.665604, 339.243286, 0.000000, 0.000000, 0.000000, 0.000000, 0.000000, 0.000000
962.591003, 18.456400, -196.158005, 341.217010, 0.000000, 0.000000, 0.000000, 0.000000, 0.000000, 0.000000
971.289978, 18.997999, -200.333603, 342.721191, 0.000000, 0.000000, 0.000000, 0.000000, 0.000000, 0.000000
979.958008, 19.720900, -204.289993, 343.628113, 0.000000, 0.000000, 0.000000, 0.000000, 0.000000, 0.000000
988.616028, 19.914101, -210.280594, 345.040192, 0.000000, 0.000000, 0.000000, 0.000000, 0.000000, 0.000000
997.302002, 20.232300, -217.229095, 347.302887, 0.000000, 0.000000, 0.000000, 0.000000, 0.000000, 0.000000
1005.974976, 20.709200, -224.701996, 349.057404, 0.000000, 0.000000, 0.000000, 0.000000, 0.000000, 0.000000
1014.724976, 20.160101, -229.696106, 349.710114, 0.000000, 0.000000, 0.000000, 0.000000, 0.000000, 0.000000
1023.309998, 19.640499, -234.202194, 349.729401, 0.000000, 0.000000, 0.000000, 0.000000, 0.000000, 0.000000
1031.994995, 19.997700, -238.769699, 350.057404, 0.000000, 0.000000, 0.000000, 0.000000, 0.000000, 0.000000
1040.666016, 20.395901, -242.174896, 350.151093, 0.000000, 0.000000, 0.000000, 0.000000, 0.000000, 0.000000
1049.333984, 20.780399, -246.222397, 349.714508, 0.000000, 0.000000, 0.000000, 0.000000, 0.000000, 0.000000
1058.008057, 19.805599, -250.434097, 349.134613, 0.000000, 0.000000, 0.000000, 0.000000, 0.000000, 0.000000
1066.677979, 19.254000, -253.831406, 348.868713, 0.000000, 0.000000, 0.000000, 0.000000, 0.000000, 0.000000
1075.349976, 19.364799, -255.640305, 348.690399, 0.000000, 0.000000, 0.000000, 0.000000, 0.000000, 0.000000
1084.030029, 18.914499, -258.330994, 347.562988, 0.000000, 0.000000, 0.000000, 0.000000, 0.000000, 0.000000
1092.668945, 17.822100, -260.759186, 346.515503, 0.000000, 0.000000, 0.000000, 0.000000, 0.000000, 0.000000
1101.357056, 16.922800, -263.654999, 346.297211, 0.000000, 0.000000, 0.000000, 0.000000, 0.000000, 0.000000
1127.365967, 16.235901, -266.485809, 345.435303, 0.000000, 0.000000, 0.000000, 0.000000, 0.000000, 0.000000
1136.041992, 16.404301, -267.623901, 345.171814, 0.000000, 0.000000, 0.000000, 0.000000, 0.000000, 0.000000
1145.086060, 16.507999, -268.985809, 344.552490, 0.000000, 0.000000, 0.000000, 0.000000, 0.000000, 0.000000
1153.406006, 16.564800, -269.731110, 344.213593, 0.000000, 0.000000, 0.000000, 0.000000, 0.000000, 0.000000
1162.046021, 16.563601, -270.154907, 344.035187, 0.000000, 0.000000, 0.000000, 0.000000, 0.000000, 0.000000
1170.743042, 16.465000, -270.245605, 344.048798, 0.000000, 0.000000, 0.000000, 0.000000, 0.000000, 0.000000
1179.410034, 16.248899, -270.510010, 344.363190, 0.000000, 0.000000, 0.000000, 0.000000, 0.000000, 0.000000
1188.083984, 16.186501, -270.570709, 345.518494, 0.000000, 0.000000, 0.000000, 0.000000, 0.000000, 0.000000
1196.746948, 16.398199, -270.625885, 347.380005, 0.000000, 0.000000, 0.000000, 0.000000, 0.000000, 0.000000
1205.409058, 15.773100, -269.943207, 350.159607, 0.000000, 0.000000, 0.000000, 0.000000, 0.000000, 0.000000
1214.093994, 13.060200, -269.024109, 353.146912, 0.000000, 0.000000, 0.000000, 0.000000, 0.000000, 0.000000
1222.776978, 10.571900, -268.624115, 355.687286, 0.000000, 0.000000, 0.000000, 0.000000, 0.000000, 0.000000
1231.594971, 8.537800, -267.549591, 359.788513, 0.000000, 0.000000, 0.000000, 0.000000, 0.000000, 0.000000
1241.712036, 7.044000, -265.160889, 364.087097, 0.000000, 0.000000, 0.000000, 0.000000, 0.000000, 0.000000
1248.816040, 6.519900, -263.139893, 366.467987, 0.000000, 0.000000, 0.000000, 0.000000, 0.000000, 0.000000
1257.449951, 6.324300, -261.174011, 369.037689, 0.000000, 0.000000, 0.000000, 0.000000, 0.000000, 0.000000
1266.135986, 5.058000, -255.878403, 372.059601, 0.000000, 0.000000, 0.000000, 0.000000, 0.000000, 0.000000
1274.800049, 4.126200, -251.904404, 374.514801, 0.000000, 0.000000, 0.000000, 0.000000, 0.000000, 0.000000
1283.503052, 3.613500, -249.717407, 375.865906, 0.000000, 0.000000, 0.000000, 0.000000, 0.000000, 0.000000
1292.161987, 2.895500, -247.691498, 377.039093, 0.000000, 0.000000, 0.000000, 0.000000, 0.000000, 0.000000
1300.810059, 2.906900, -242.451996, 378.949097, 0.000000, 0.000000, 0.000000, 0.000000, 0.000000, 0.000000
1309.503052, 3.023300, -239.295502, 380.294495, 0.000000, 0.000000, 0.000000, 0.000000, 0.000000, 0.000000
1318.140991, 3.076300, -237.856094, 380.907990, 0.000000, 0.000000, 0.000000, 0.000000, 0.000000, 0.000000
1326.845947, 2.968400, -236.678894, 381.313202, 0.000000, 0.000000, 0.000000, 0.000000, 0.000000, 0.000000
1335.510986, 2.909700, -236.038696, 381.533600, 0.000000, 0.000000, 0.000000, 0.000000, 0.000000, 0.000000
1344.384033, 2.876100, -235.671799, 381.659912, 0.000000, 0.000000, 0.000000, 0.000000, 0.000000, 0.000000
1352.854004, 2.854500, -235.677902, 381.491302, 0.000000, 0.000000, 0.000000, 0.000000, 0.000000, 0.000000
1361.543945, 2.812100, -234.413406, 379.774200, 0.000000, 0.000000, 0.000000, 0.000000, 0.000000, 0.000000
1370.218018, 4.506500, -233.469406, 376.376312, 0.000000, 0.000000, 0.000000, 0.000000, 0.000000, 0.000000
1378.991943, 5.471800, -232.992599, 372.420685, 0.000000, 0.000000, 0.000000, 0.000000, 0.000000, 0.000000
1387.511963, 6.525100, -233.537903, 369.435303, 0.000000, 0.000000, 0.000000, 0.000000, 0.000000, 0.000000
1396.204956, 7.289800, -235.115005, 364.327209, 0.000000, 0.000000, 0.000000, 0.000000, 0.000000, 0.000000
1404.885010, 8.356500, -237.286102, 359.886200, 0.000000, 0.000000, 0.000000, 0.000000, 0.000000, 0.000000
1413.558960, 8.914300, -239.663696, 355.201294, 0.000000, 0.000000, 0.000000, 0.000000, 0.000000, 0.000000
1422.213989, 9.253900, -243.745300, 350.259308, 0.000000, 0.000000, 0.000000, 0.000000, 0.000000, 0.000000
1430.912964, 8.539200, -247.452606, 344.525909, 0.000000, 0.000000, 0.000000, 0.000000, 0.000000, 0.000000
1439.557983, 7.400100, -250.457794, 337.736786, 0.000000, 0.000000, 0.000000, 0.000000, 0.000000, 0.000000
1448.217041, 6.210800, -252.208405, 329.704987, 0.000000, 0.000000, 0.000000, 0.000000, 0.000000, 0.000000
1456.906006, 4.328700, -253.281097, 320.427307, 0.000000, 0.000000, 0.000000, 0.000000, 0.000000, 0.000000
1465.588013, 2.268400, -253.553406, 310.937897, 0.000000, 0.000000, 0.000000, 0.000000, 0.000000, 0.000000
1474.259033, 0.948900, -253.679596, 300.232208, 0.000000, 0.000000, 0.000000, 0.000000, 0.000000, 0.000000
1482.932007, 2.924800, -253.190308, 291.221313, 0.000000, 0.000000, 0.000000, 0.000000, 0.000000, 0.000000
1491.635010, 6.254900, -251.787903, 282.745300, 0.000000, 0.000000, 0.000000, 0.000000, 0.000000, 0.000000
1500.291992, 7.838200, -251.647507, 275.076385, 0.000000, 0.000000, 0.000000, 0.000000, 0.000000, 0.000000
1508.964966, 10.489500, -251.608795, 270.205688, 0.000000, 0.000000, 0.000000, 0.000000, 0.000000, 0.000000
1517.597046, 13.776500, -250.603195, 264.378113, 0.000000, 0.000000, 0.000000, 0.000000, 0.000000, 0.000000
1526.281006, 15.353700, -249.627701, 259.332306, 0.000000, 0.000000, 0.000000, 0.000000, 0.000000, 0.000000
1534.974976, 17.448799, -248.090500, 256.525513, 0.000000, 0.000000, 0.000000, 0.000000, 0.000000, 0.000000
1543.699951, 16.558701, -248.252808, 255.958298, 0.000000, 0.000000, 0.000000, 0.000000, 0.000000, 0.000000
1552.322021, 15.031700, -247.258102, 255.325394, 0.000000, 0.000000, 0.000000, 0.000000, 0.000000, 0.000000
1561.014038, 13.803300, -246.695099, 255.827606, 0.000000, 0.000000, 0.000000, 0.000000, 0.000000, 0.000000
1569.666992, 12.375000, -245.210800, 257.581085, 0.000000, 0.000000, 0.000000, 0.000000, 0.000000, 0.000000
1578.344971, 9.113400, -243.837906, 260.639587, 0.000000, 0.000000, 0.000000, 0.000000, 0.000000, 0.000000
1586.984985, 5.575400, -242.657104, 264.060486, 0.000000, 0.000000, 0.000000, 0.000000, 0.000000, 0.000000
1595.655029, 2.848400, -240.850998, 268.076508, 0.000000, 0.000000, 0.000000, 0.000000, 0.000000, 0.000000
1604.347046, 16.224899, -231.684692, 271.124512, 0.000000, 0.000000, 0.000000, 0.000000, 0.000000, 0.000000
1613.011963, 21.080000, -226.700394, 274.457886, 0.000000, 0.000000, 0.000000, 0.000000, 0.000000, 0.000000
1621.676025, 22.717400, -222.327805, 279.063599, 0.000000, 0.000000, 0.000000, 0.000000, 0.000000, 0.000000
1630.369995, 23.058701, -218.179794, 284.160187, 0.000000, 0.000000, 0.000000, 0.000000, 0.000000, 0.000000
1639.041992, 22.176100, -215.346207, 289.534607, 0.000000, 0.000000, 0.000000, 0.000000, 0.000000, 0.000000
1647.675049, 22.297701, -212.345901, 294.985596, 0.000000, 0.000000, 0.000000, 0.000000, 0.000000, 0.000000
1656.389038, 21.578501, -209.358093, 299.856110, 0.000000, 0.000000, 0.000000, 0.000000, 0.000000, 0.000000
1665.071045, 20.818701, -206.313004, 305.202789, 0.000000, 0.000000, 0.000000, 0.000000, 0.000000, 0.000000
1673.744995, 20.095301, -203.273697, 310.359985, 0.000000, 0.000000, 0.000000, 0.000000, 0.000000, 0.000000
1682.375000, 19.076599, -199.534897, 315.462097, 0.000000, 0.000000, 0.000000, 0.000000, 0.000000, 0.000000
1691.071045, 18.452600, -196.474197, 320.261292, 0.000000, 0.000000, 0.000000, 0.000000, 0.000000, 0.000000
1699.737061, 16.958900, -193.479599, 324.836700, 0.000000, 0.000000, 0.000000, 0.000000, 0.000000, 0.000000
1708.411011, 15.691700, -191.101395, 329.083405, 0.000000, 0.000000, 0.000000, 0.000000, 0.000000, 0.000000
1717.100952, 14.427300, -188.221100, 332.261505, 0.000000, 0.000000, 0.000000, 0.000000, 0.000000, 0.000000
1725.762939, 13.227000, -185.287704, 335.134705, 0.000000, 0.000000, 0.000000, 0.000000, 0.000000, 0.000000
1734.407959, 13.231800, -182.775803, 338.295288, 0.000000, 0.000000, 0.000000, 0.000000, 0.000000, 0.000000
1743.109985, 13.374200, -180.660095, 340.958405, 0.000000, 0.000000, 0.000000, 0.000000, 0.000000, 0.000000
1751.790039, 13.389000, -179.088394, 342.514099, 0.000000, 0.000000, 0.000000, 0.000000, 0.000000, 0.000000
1760.462036, 13.605600, -178.056900, 343.907288, 0.000000, 0.000000, 0.000000, 0.000000, 0.000000, 0.000000
1769.100952, 13.818800, -177.212296, 345.080688, 0.000000, 0.000000, 0.000000, 0.000000, 0.000000, 0.000000
1777.788940, 14.101800, -176.569794, 345.906494, 0.000000, 0.000000, 0.000000, 0.000000, 0.000000, 0.000000
1786.438965, 15.382900, -175.862793, 346.856903, 0.000000, 0.000000, 0.000000, 0.000000, 0.000000, 0.000000
1795.112061, 16.764299, -175.377502, 347.717407, 0.000000, 0.000000, 0.000000, 0.000000, 0.000000, 0.000000
1803.795044, 17.585300, -175.102493, 348.137604, 0.000000, 0.000000, 0.000000, 0.000000, 0.000000, 0.000000
1812.458008, 18.053101, -175.163696, 348.207703, 0.000000, 0.000000, 0.000000, 0.000000, 0.000000, 0.000000
1821.140991, 18.835501, -175.426498, 348.129486, 0.000000, 0.000000, 0.000000, 0.000000, 0.000000, 0.000000
1829.822998, 20.155399, -175.259293, 346.795288, 0.000000, 0.000000, 0.000000, 0.000000, 0.000000, 0.000000
1838.688965, 21.218901, -175.136993, 345.224792, 0.000000, 0.000000, 0.000000, 0.000000, 0.000000, 0.000000
1847.145996, 22.316000, -175.181702, 343.204712, 0.000000, 0.000000, 0.000000, 0.000000, 0.000000, 0.000000
1855.859985, 23.623800, -175.433899, 340.754486, 0.000000, 0.000000, 0.000000, 0.000000, 0.000000, 0.000000
1864.489014, 24.369900, -175.959106, 338.657104, 0.000000, 0.000000, 0.000000, 0.000000, 0.000000, 0.000000
1873.234985, 25.442801, -176.062897, 335.774414, 0.000000, 0.000000, 0.000000, 0.000000, 0.000000, 0.000000
1882.020996, 26.402000, -175.983398, 331.429413, 0.000000, 0.000000, 0.000000, 0.000000, 0.000000, 0.000000
1890.546021, 27.767200, -176.288498, 327.886597, 0.000000, 0.000000, 0.000000, 0.000000, 0.000000, 0.000000
1899.192993, 28.719999, -176.927994, 324.455414, 0.000000, 0.000000, 0.000000, 0.000000, 0.000000, 0.000000
1907.870972, 29.341900, -175.994003, 319.323486, 0.000000, 0.000000, 0.000000, 0.000000, 0.000000, 0.000000
1916.546021, 29.626801, -175.637497, 315.010315, 0.000000, 0.000000, 0.000000, 0.000000, 0.000000, 0.000000
1925.189941, 30.333401, -175.185699, 310.175507, 0.000000, 0.000000, 0.000000, 0.000000, 0.000000, 0.000000
1933.890991, 31.411400, -174.196106, 305.768097, 0.000000, 0.000000, 0.000000, 0.000000, 0.000000, 0.000000
1942.568970, 32.271099, -173.100800, 300.691711, 0.000000, 0.000000, 0.000000, 0.000000, 0.000000, 0.000000
1951.227051, 33.492699, -171.778107, 296.845001, 0.000000, 0.000000, 0.000000, 0.000000, 0.000000, 0.000000
1959.935059, 33.837101, -170.815994, 293.866699, 0.000000, 0.000000, 0.000000, 0.000000, 0.000000, 0.000000
1968.567017, 33.861000, -170.234497, 290.182007, 0.000000, 0.000000, 0.000000, 0.000000, 0.000000, 0.000000
1977.270996, 33.698200, -170.057205, 288.785706, 0.000000, 0.000000, 0.000000, 0.000000, 0.000000, 0.000000
1985.910034, 33.417198, -169.942398, 287.727295, 0.000000, 0.000000, 0.000000, 0.000000, 0.000000, 0.000000
1994.590942, 33.114101, -169.182693, 285.356812, 0.000000, 0.000000, 0.000000, 0.000000, 0.000000, 0.000000
2003.629028, 31.558100, -168.830597, 284.513885, 0.000000, 0.000000, 0.000000, 0.000000, 0.000000, 0.000000
2011.925049, 30.401699, -168.574707, 284.504700, 0.000000, 0.000000, 0.000000, 0.000000, 0.000000, 0.000000
2020.594971, 29.179899, -168.185699, 284.762512, 0.000000, 0.000000, 0.000000, 0.000000, 0.000000, 0.000000
2029.262939, 27.072100, -168.084503, 286.936401, 0.000000, 0.000000, 0.000000, 0.000000, 0.000000, 0.000000
2038.472046, 26.384399, -167.984894, 290.970306, 0.000000, 0.000000, 0.000000, 0.000000, 0.000000, 0.000000
2046.616943, 27.015600, -168.215195, 296.295593, 0.000000, 0.000000, 0.000000, 0.000000, 0.000000, 0.000000
2055.284912, 27.341101, -168.526001, 302.523712, 0.000000, 0.000000, 0.000000, 0.000000, 0.000000, 0.000000
2063.951904, 27.374201, -168.623306, 308.537415, 0.000000, 0.000000, 0.000000, 0.000000, 0.000000, 0.000000
2072.625000, 27.736900, -169.065598, 316.052002, 0.000000, 0.000000, 0.000000, 0.000000, 0.000000, 0.000000
2081.275879, 28.422600, -169.078598, 323.061401, 0.000000, 0.000000, 0.000000, 0.000000, 0.000000, 0.000000
2089.948975, 30.035000, -169.256699, 331.076202, 0.000000, 0.000000, 0.000000, 0.000000, 0.000000, 0.000000
2098.631104, 31.590700, -169.391602, 339.385193, 0.000000, 0.000000, 0.000000, 0.000000, 0.000000, 0.000000
2107.326904, 33.364799, -169.565094, 347.483490, 0.000000, 0.000000, 0.000000, 0.000000, 0.000000, 0.000000
2116.003906, 35.061001, -168.824600, 354.647614, 0.000000, 0.000000, 0.000000, 0.000000, 0.000000, 0.000000
2124.676025, 36.348301, -168.329498, 360.588501, 0.000000, 0.000000, 0.000000, 0.000000, 0.000000, 0.000000
2133.302979, 37.496101, -167.797699, 367.773010, 0.000000, 0.000000, 0.000000, 0.000000, 0.000000, 0.000000
2141.989014, 38.757702, -166.953705, 373.109802, 0.000000, 0.000000, 0.000000, 0.000000, 0.000000, 0.000000
2150.668945, 40.200699, -165.780304, 377.980103, 0.000000, 0.000000, 0.000000, 0.000000, 0.000000, 0.000000
2159.343018, 40.662498, -164.146805, 381.472687, 0.000000, 0.000000, 0.000000, 0.000000, 0.000000, 0.000000
2168.019043, 39.784801, -162.722794, 384.679413, 0.000000, 0.000000, 0.000000, 0.000000, 0.000000, 0.000000
2176.687012, 40.614799, -160.988007, 387.180298, 0.000000, 0.000000, 0.000000, 0.000000, 0.000000, 0.000000
2185.354980, 40.716801, -159.851593, 388.253387, 0.000000, 0.000000, 0.000000, 0.000000, 0.000000, 0.000000
2194.037109, 40.450100, -158.927902, 388.845795, 0.000000, 0.000000, 0.000000, 0.000000, 0.000000, 0.000000
2202.687988, 40.030399, -157.663605, 389.377808, 0.000000, 0.000000, 0.000000, 0.000000, 0.000000, 0.000000
2228.738037, 35.637699, -152.129807, 382.859100, 0.000000, 0.000000, 0.000000, 0.000000, 0.000000, 0.000000
2237.468018, 34.203201, -150.772003, 380.421112, 0.000000, 0.000000, 0.000000, 0.000000, 0.000000, 0.000000
2246.087891, 32.634201, -149.069794, 376.278198, 0.000000, 0.000000, 0.000000, 0.000000, 0.000000, 0.000000
2254.739014, 31.567301, -147.558594, 371.170990, 0.000000, 0.000000, 0.000000, 0.000000, 0.000000, 0.000000
2263.413086, 30.789101, -145.995193, 365.679688, 0.000000, 0.000000, 0.000000, 0.000000, 0.000000, 0.000000
2272.093018, 29.568100, -143.821106, 358.947815, 0.000000, 0.000000, 0.000000, 0.000000, 0.000000, 0.000000
2280.741943, 28.723700, -141.661697, 352.198212, 0.000000, 0.000000, 0.000000, 0.000000, 0.000000, 0.000000
2289.422119, 28.693100, -139.232300, 345.383911, 0.000000, 0.000000, 0.000000, 0.000000, 0.000000, 0.000000
2298.110107, 28.229799, -136.643402, 338.667389, 0.000000, 0.000000, 0.000000, 0.000000, 0.000000, 0.000000
2306.785889, 28.091000, -134.406601, 332.645996, 0.000000, 0.000000, 0.000000, 0.000000, 0.000000, 0.000000
2315.425049, 28.073999, -132.238998, 327.022308, 0.000000, 0.000000, 0.000000, 0.000000, 0.000000, 0.000000
2324.135986, 28.092400, -130.328506, 322.137390, 0.000000, 0.000000, 0.000000, 0.000000, 0.000000, 0.000000
2333.031006, 28.105301, -128.945908, 318.138092, 0.000000, 0.000000, 0.000000, 0.000000, 0.000000, 0.000000
2341.458984, 28.014400, -127.802803, 315.179596, 0.000000, 0.000000, 0.000000, 0.000000, 0.000000, 0.000000
2350.107910, 27.761801, -126.913101, 313.324707, 0.000000, 0.000000, 0.000000, 0.000000, 0.000000, 0.000000
2358.783936, 26.937000, -126.361099, 312.120911, 0.000000, 0.000000, 0.000000, 0.000000, 0.000000, 0.000000
2367.462891, 26.323200, -126.021896, 311.610107, 0.000000, 0.000000, 0.000000, 0.000000, 0.000000, 0.000000
2376.142090, 25.697399, -125.802101, 311.631287, 0.000000, 0.000000, 0.000000, 0.000000, 0.000000, 0.000000
2384.822021, 24.978500, -125.658501, 312.555298, 0.000000, 0.000000, 0.000000, 0.000000, 0.000000, 0.000000
2393.523926, 24.894199, -125.597298, 314.742096, 0.000000, 0.000000, 0.000000, 0.000000, 0.000000, 0.000000
2402.168945, 24.432100, -125.707100, 318.042908, 0.000000, 0.000000, 0.000000, 0.000000, 0.000000, 0.000000
2410.847900, 24.651199, -125.812302, 321.922607, 0.000000, 0.000000, 0.000000, 0.000000, 0.000000, 0.000000
2419.510986, 25.353001, -126.270699, 326.761414, 0.000000, 0.000000, 0.000000, 0.000000, 0.000000, 0.000000
2428.180908, 26.541100, -127.032501, 332.589813, 0.000000, 0.000000, 0.000000, 0.000000, 0.000000, 0.000000
2436.879883, 28.509501, -127.879097, 338.897491, 0.000000, 0.000000, 0.000000, 0.000000, 0.000000, 0.000000
2445.510986, 30.287100, -128.416595, 344.953400, 0.000000, 0.000000, 0.000000, 0.000000, 0.000000, 0.000000
2454.247070, 32.859798, -129.228104, 351.688812, 0.000000, 0.000000, 0.000000, 0.000000, 0.000000, 0.000000
2464.054932, 35.331501, -129.638397, 358.230499, 0.000000, 0.000000, 0.000000, 0.000000, 0.000000, 0.000000
2471.547119, 37.059502, -129.967804, 363.263702, 0.000000, 0.000000, 0.000000, 0.000000, 0.000000, 0.000000
2480.206055, 39.178501, -130.259201, 369.200409, 0.000000, 0.000000, 0.000000, 0.000000, 0.000000, 0.000000
2488.888916, 41.278900, -130.270096, 374.888611, 0.000000, 0.000000, 0.000000, 0.000000, 0.000000, 0.000000
2497.886963, 43.012501, -130.136505, 380.898102, 0.000000, 0.000000, 0.000000, 0.000000, 0.000000, 0.000000
2506.205078, 44.714298, -129.641205, 385.567902, 0.000000, 0.000000, 0.000000, 0.000000, 0.000000, 0.000000
2514.886963, 45.663700, -128.357300, 388.710114, 0.000000, 0.000000, 0.000000, 0.000000, 0.000000, 0.000000
2523.599121, 46.220299, -127.181297, 390.423798, 0.000000, 0.000000, 0.000000, 0.000000, 0.000000, 0.000000
2532.386963, 46.976799, -125.638702, 392.303711, 0.000000, 0.000000, 0.000000, 0.000000, 0.000000, 0.000000
2540.940918, 46.605598, -124.636398, 393.743408, 0.000000, 0.000000, 0.000000, 0.000000, 0.000000, 0.000000
2549.584961, 46.336201, -123.243401, 394.717010, 0.000000, 0.000000, 0.000000, 0.000000, 0.000000, 0.000000
2558.260986, 46.076801, -121.882202, 395.015198, 0.000000, 0.000000, 0.000000, 0.000000, 0.000000, 0.000000
2566.956055, 45.936901, -120.052902, 394.471405, 0.000000, 0.000000, 0.000000, 0.000000, 0.000000, 0.000000
2575.580078, 45.392101, -118.077698, 393.267090, 0.000000, 0.000000, 0.000000, 0.000000, 0.000000, 0.000000
2584.261963, 44.308899, -116.068298, 391.309204, 0.000000, 0.000000, 0.000000, 0.000000, 0.000000, 0.000000
2592.968994, 42.909100, -113.726501, 388.697815, 0.000000, 0.000000, 0.000000, 0.000000, 0.000000, 0.000000
2601.643066, 41.353199, -110.902298, 384.808685, 0.000000, 0.000000, 0.000000, 0.000000, 0.000000, 0.000000
2610.314941, 40.432701, -108.032097, 380.375702, 0.000000, 0.000000, 0.000000, 0.000000, 0.000000, 0.000000
2618.958008, 39.752800, -104.648804, 373.994110, 0.000000, 0.000000, 0.000000, 0.000000, 0.000000, 0.000000
2628.414062, 40.090000, -101.220497, 365.966492, 0.000000, 0.000000, 0.000000, 0.000000, 0.000000, 0.000000
2636.316895, 39.328098, -98.396698, 358.949005, 0.000000, 0.000000, 0.000000, 0.000000, 0.000000, 0.000000
2644.954102, 38.423302, -95.372597, 351.117615, 0.000000, 0.000000, 0.000000, 0.000000, 0.000000, 0.000000
2653.641113, 38.080002, -92.309402, 343.808014, 0.000000, 0.000000, 0.000000, 0.000000, 0.000000, 0.000000
2662.347900, 39.057201, -89.672600, 336.917114, 0.000000, 0.000000, 0.000000, 0.000000, 0.000000, 0.000000
2670.996094, 40.047401, -86.951698, 330.680206, 0.000000, 0.000000, 0.000000, 0.000000, 0.000000, 0.000000
2679.687988, 40.168098, -84.453598, 324.229797, 0.000000, 0.000000, 0.000000, 0.000000, 0.000000, 0.000000
2688.330078, 40.350800, -82.487099, 318.821289, 0.000000, 0.000000, 0.000000, 0.000000, 0.000000, 0.000000
2697.013916, 41.059601, -80.456001, 314.706604, 0.000000, 0.000000, 0.000000, 0.000000, 0.000000, 0.000000
2705.686035, 41.616798, -78.576302, 311.560913, 0.000000, 0.000000, 0.000000, 0.000000, 0.000000, 0.000000
2714.330078, 41.546799, -77.020699, 309.356995, 0.000000, 0.000000, 0.000000, 0.000000, 0.000000, 0.000000
2723.014893, 41.286701, -75.462402, 307.868988, 0.000000, 0.000000, 0.000000, 0.000000, 0.000000, 0.000000
2731.696045, 40.927502, -74.222000, 307.198700, 0.000000, 0.000000, 0.000000, 0.000000, 0.000000, 0.000000
2740.362061, 40.348801, -72.887901, 307.131805, 0.000000, 0.000000, 0.000000, 0.000000, 0.000000, 0.000000
2749.079102, 40.089001, -71.440399, 307.867188, 0.000000, 0.000000, 0.000000, 0.000000, 0.000000, 0.000000
2757.910889, 40.334202, -69.350601, 309.881989, 0.000000, 0.000000, 0.000000, 0.000000, 0.000000, 0.000000
2766.361084, 41.114601, -67.154999, 312.678711, 0.000000, 0.000000, 0.000000, 0.000000, 0.000000, 0.000000
2775.052979, 42.518600, -65.052299, 316.708893, 0.000000, 0.000000, 0.000000, 0.000000, 0.000000, 0.000000
2783.706055, 43.996201, -62.987598, 321.875305, 0.000000, 0.000000, 0.000000, 0.000000, 0.000000, 0.000000
2792.660889, 45.534901, -60.710201, 327.719788, 0.000000, 0.000000, 0.000000, 0.000000, 0.000000, 0.000000
2801.065918, 46.765400, -58.400501, 332.979095, 0.000000, 0.000000, 0.000000, 0.000000, 0.000000, 0.000000
2809.750000, 49.040699, -56.150902, 339.617096, 0.000000, 0.000000, 0.000000, 0.000000, 0.000000, 0.000000
2818.439941, 51.592499, -54.038700, 346.162689, 0.000000, 0.000000, 0.000000, 0.000000, 0.000000, 0.000000
2827.122070, 53.822300, -51.688801, 352.675293, 0.000000, 0.000000, 0.000000, 0.000000, 0.000000, 0.000000
2835.766113, 55.510899, -49.428299, 359.166412, 0.000000, 0.000000, 0.000000, 0.000000, 0.000000, 0.000000
2844.464111, 58.490601, -47.644699, 366.091492, 0.000000, 0.000000, 0.000000, 0.000000, 0.000000, 0.000000
2853.083984, 60.574501, -45.552601, 372.085785, 0.000000, 0.000000, 0.000000, 0.000000, 0.000000, 0.000000
2861.778076, 62.560299, -43.666901, 377.504608, 0.000000, 0.000000, 0.000000, 0.000000, 0.000000, 0.000000
2870.459961, 63.963299, -42.153198, 382.189514, 0.000000, 0.000000, 0.000000, 0.000000, 0.000000, 0.000000
2879.149902, 65.078499, -41.162498, 386.704010, 0.000000, 0.000000, 0.000000, 0.000000, 0.000000, 0.000000
2887.811035, 66.017601, -40.231800, 390.688110, 0.000000, 0.000000, 0.000000, 0.000000, 0.000000, 0.000000
2896.491943, 66.688904, -39.338100, 393.613098, 0.000000, 0.000000, 0.000000, 0.000000, 0.000000, 0.000000
2905.141113, 67.467201, -39.388199, 396.518585, 0.000000, 0.000000, 0.000000, 0.000000, 0.000000, 0.000000
2913.805908, 66.795601, -39.730301, 397.986389, 0.000000, 0.000000, 0.000000, 0.000000, 0.000000, 0.000000
2922.480957, 66.806396, -40.437099, 399.518188, 0.000000, 0.000000, 0.000000, 0.000000, 0.000000, 0.000000
2931.137939, 66.841904, -41.557499, 400.559113, 0.000000, 0.000000, 0.000000, 0.000000, 0.000000, 0.000000
2939.815918, 66.060600, -42.963799, 400.511200, 0.000000, 0.000000, 0.000000, 0.000000, 0.000000, 0.000000
2948.488037, 65.299004, -45.168900, 400.287201, 0.000000, 0.000000, 0.000000, 0.000000, 0.000000, 0.000000
2957.204102, 64.024696, -48.029900, 398.756714, 0.000000, 0.000000, 0.000000, 0.000000, 0.000000, 0.000000
2965.857910, 62.894199, -51.322701, 396.617096, 0.000000, 0.000000, 0.000000, 0.000000, 0.000000, 0.000000
2974.548096, 60.985401, -54.459301, 393.178101, 0.000000, 0.000000, 0.000000, 0.000000, 0.000000, 0.000000
2983.201904, 59.375198, -57.399601, 387.990509, 0.000000, 0.000000, 0.000000, 0.000000, 0.000000, 0.000000
2991.989014, 58.014301, -60.149200, 382.038300, 0.000000, 0.000000, 0.000000, 0.000000, 0.000000, 0.000000
3000.519043, 56.831100, -62.455799, 375.838898, 0.000000, 0.000000, 0.000000, 0.000000, 0.000000, 0.000000
3009.230957, 55.957001, -63.864700, 367.904510, 0.000000, 0.000000, 0.000000, 0.000000, 0.000000, 0.000000
3017.892090, 54.774700, -64.827599, 359.586609, 0.000000, 0.000000, 0.000000, 0.000000, 0.000000, 0.000000
3026.552979, 53.529598, -65.559402, 352.483185, 0.000000, 0.000000, 0.000000, 0.000000, 0.000000, 0.000000
3035.214111, 53.071201, -65.512299, 345.698303, 0.000000, 0.000000, 0.000000, 0.000000, 0.000000, 0.000000
3043.882080, 52.878399, -64.457298, 339.091003, 0.000000, 0.000000, 0.000000, 0.000000, 0.000000, 0.000000
3052.576904, 52.828701, -62.612999, 332.023712, 0.000000, 0.000000, 0.000000, 0.000000, 0.000000, 0.000000
3061.239990, 53.036201, -60.174599, 326.709198, 0.000000, 0.000000, 0.000000, 0.000000, 0.000000, 0.000000
3069.894043, 53.664600, -57.125801, 321.690308, 0.000000, 0.000000, 0.000000, 0.000000, 0.000000, 0.000000
3078.586914, 54.298901, -53.615700, 318.239899, 0.000000, 0.000000, 0.000000, 0.000000, 0.000000, 0.000000
3087.268066, 54.750099, -49.567699, 315.265503, 0.000000, 0.000000, 0.000000, 0.000000, 0.000000, 0.000000
3095.925049, 55.303001, -45.192200, 313.619598, 0.000000, 0.000000, 0.000000, 0.000000, 0.000000, 0.000000
3104.605957, 56.011501, -40.340698, 312.410706, 0.000000, 0.000000, 0.000000, 0.000000, 0.000000, 0.000000
3113.299072, 56.718498, -35.165100, 311.883087, 0.000000, 0.000000, 0.000000, 0.000000, 0.000000, 0.000000
3122.113037, 57.555099, -29.702299, 312.041199, 0.000000, 0.000000, 0.000000, 0.000000, 0.000000, 0.000000
3130.632080, 58.382099, -24.222500, 312.884491, 0.000000, 0.000000, 0.000000, 0.000000, 0.000000, 0.000000
3139.279053, 59.381500, -18.524500, 313.810486, 0.000000, 0.000000, 0.000000, 0.000000, 0.000000, 0.000000
3147.931885, 61.100300, -13.115800, 314.832794, 0.000000, 0.000000, 0.000000, 0.000000, 0.000000, 0.000000
3156.674072, 63.013000, -7.742600, 315.555511, 0.000000, 0.000000, 0.000000, 0.000000, 0.000000, 0.000000
3165.300049, 65.086700, -2.735100, 315.620911, 0.000000, 0.000000, 0.000000, 0.000000, 0.000000, 0.000000
3173.985107, 66.825203, 2.011500, 315.725189, 0.000000, 0.000000, 0.000000, 0.000000, 0.000000, 0.000000
3182.676025, 68.629700, 6.139300, 315.774200, 0.000000, 0.000000, 0.000000, 0.000000, 0.000000, 0.000000
3191.349121, 70.007103, 9.513300, 315.104614, 0.000000, 0.000000, 0.000000, 0.000000, 0.000000, 0.000000
3200.004883, 71.161102, 12.591100, 313.824493, 0.000000, 0.000000, 0.000000, 0.000000, 0.000000, 0.000000
3208.675049, 72.207001, 14.883600, 312.444885, 0.000000, 0.000000, 0.000000, 0.000000, 0.000000, 0.000000
3217.312012, 72.367897, 16.304100, 310.864502, 0.000000, 0.000000, 0.000000, 0.000000, 0.000000, 0.000000
3225.997070, 72.449203, 17.073799, 309.818909, 0.000000, 0.000000, 0.000000, 0.000000, 0.000000, 0.000000
3234.696045, 72.056999, 17.404600, 308.764801, 0.000000, 0.000000, 0.000000, 0.000000, 0.000000, 0.000000
3243.366943, 71.602402, 17.365000, 307.306488, 0.000000, 0.000000, 0.000000, 0.000000, 0.000000, 0.000000
3252.687988, 70.673103, 16.743700, 306.124390, 0.000000, 0.000000, 0.000000, 0.000000, 0.000000, 0.000000
3260.700928, 69.831497, 15.597100, 305.328400, 0.000000, 0.000000, 0.000000, 0.000000, 0.000000, 0.000000
3269.366943, 69.003304, 13.635800, 304.742493, 0.000000, 0.000000, 0.000000, 0.000000, 0.000000, 0.000000
3278.052002, 67.758904, 11.191500, 305.565613, 0.000000, 0.000000, 0.000000, 0.000000, 0.000000, 0.000000
3286.689941, 66.353699, 8.214300, 307.035004, 0.000000, 0.000000, 0.000000, 0.000000, 0.000000, 0.000000
3295.371094, 65.243103, 5.432300, 308.910004, 0.000000, 0.000000, 0.000000, 0.000000, 0.000000, 0.000000
3304.081055, 65.122398, 2.323600, 311.515900, 0.000000, 0.000000, 0.000000, 0.000000, 0.000000, 0.000000
3330.058105, 62.140598, -8.982100, 327.580688, 0.000000, 0.000000, 0.000000, 0.000000, 0.000000, 0.000000
3339.044922, 64.343399, -10.858600, 332.988403, 0.000000, 0.000000, 0.000000, 0.000000, 0.000000, 0.000000
3347.398926, 65.672798, -12.877700, 337.147888, 0.000000, 0.000000, 0.000000, 0.000000, 0.000000, 0.000000
3356.086914, 67.015999, -15.045500, 342.647003, 0.000000, 0.000000, 0.000000, 0.000000, 0.000000, 0.000000
3364.791016, 68.012901, -16.730400, 348.653412, 0.000000, 0.000000, 0.000000, 0.000000, 0.000000, 0.000000
3373.429932, 69.411201, -18.419701, 354.544800, 0.000000, 0.000000, 0.000000, 0.000000, 0.000000, 0.000000
3382.312012, 71.370499, -19.695200, 360.119904, 0.000000, 0.000000, 0.000000, 0.000000, 0.000000, 0.000000
3390.802979, 72.859703, -20.329800, 366.769409, 0.000000, 0.000000, 0.000000, 0.000000, 0.000000, 0.000000
3399.530029, 74.132301, -20.491100, 372.973602, 0.000000, 0.000000, 0.000000, 0.000000, 0.000000, 0.000000
3408.125977, 75.485497, -19.862499, 378.494690, 0.000000, 0.000000, 0.000000, 0.000000, 0.000000, 0.000000
3417.071045, 76.449097, -18.623100, 383.715302, 0.000000, 0.000000, 0.000000, 0.000000, 0.000000, 0.000000
3425.482910, 77.994202, -17.189800, 388.227386, 0.000000, 0.000000, 0.000000, 0.000000, 0.000000, 0.000000
3434.122070, 80.135597, -15.129300, 392.695190, 0.000000, 0.000000, 0.000000, 0.000000, 0.000000, 0.000000
3442.822998, 81.533798, -12.392800, 396.383301, 0.000000, 0.000000, 0.000000, 0.000000, 0.000000, 0.000000
3451.966064, 82.805603, -9.097800, 399.325989, 0.000000, 0.000000, 0.000000, 0.000000, 0.000000, 0.000000
3460.210938, 83.973503, -5.919000, 401.480408, 0.000000, 0.000000, 0.000000, 0.000000, 0.000000, 0.000000
3468.833008, 84.695000, -1.725200, 402.917389, 0.000000, 0.000000, 0.000000, 0.000000, 0.000000, 0.000000
3477.486084, 85.148697, 2.461300, 403.493591, 0.000000, 0.000000, 0.000000, 0.000000, 0.000000, 0.000000
3486.180908, 85.038902, 7.130800, 402.628998, 0.000000, 0.000000, 0.000000, 0.000000, 0.000000, 0.000000
3494.852051, 84.997803, 11.166800, 401.310791, 0.000000, 0.000000, 0.000000, 0.000000, 0.000000, 0.000000
3503.524902, 85.451302, 14.348000, 399.756104, 0.000000, 0.000000, 0.000000, 0.000000, 0.000000, 0.000000
3512.178955, 85.808800, 18.028999, 396.493896, 0.000000, 0.000000, 0.000000, 0.000000, 0.000000, 0.000000
3520.888916, 85.859497, 21.667101, 391.694000, 0.000000, 0.000000, 0.000000, 0.000000, 0.000000, 0.000000
3529.523926, 86.383904, 24.838100, 385.887787, 0.000000, 0.000000, 0.000000, 0.000000, 0.000000, 0.000000
3538.187988, 86.338799, 28.069700, 380.334015, 0.000000, 0.000000, 0.000000, 0.000000, 0.000000, 0.000000
3547.083984, 85.761902, 30.808201, 373.666412, 0.000000, 0.000000, 0.000000, 0.000000, 0.000000, 0.000000
3555.532959, 85.389000, 33.013500, 366.694794, 0.000000, 0.000000, 0.000000, 0.000000, 0.000000, 0.000000
3564.227051, 84.852600, 35.345901, 359.811310, 0.000000, 0.000000, 0.000000, 0.000000, 0.000000, 0.000000
3572.872070, 84.376198, 37.018700, 352.785400, 0.000000, 0.000000, 0.000000, 0.000000, 0.000000, 0.000000
3582.554932, 83.004799, 37.839699, 343.572388, 0.000000, 0.000000, 0.000000, 0.000000, 0.000000, 0.000000
3590.249023, 82.075302, 37.511501, 335.761292, 0.000000, 0.000000, 0.000000, 0.000000, 0.000000, 0.000000
3598.904053, 81.880997, 36.952801, 327.766388, 0.000000, 0.000000, 0.000000, 0.000000, 0.000000, 0.000000
3607.563965, 81.746201, 36.068100, 320.362213, 0.000000, 0.000000, 0.000000, 0.000000, 0.000000, 0.000000
3616.267090, 81.327797, 34.484402, 314.519012, 0.000000, 0.000000, 0.000000, 0.000000, 0.000000, 0.000000
3624.927979, 80.753799, 32.818901, 309.647186, 0.000000, 0.000000, 0.000000, 0.000000, 0.000000, 0.000000
3633.608887, 80.610497, 30.820999, 306.274689, 0.000000, 0.000000, 0.000000, 0.000000, 0.000000, 0.000000
3642.278076, 80.448700, 29.078699, 304.595001, 0.000000, 0.000000, 0.000000, 0.000000, 0.000000, 0.000000
3651.126953, 80.668900, 27.494101, 303.914886, 0.000000, 0.000000, 0.000000, 0.000000, 0.000000, 0.000000
3659.614014, 80.716797, 26.524700, 303.524689, 0.000000, 0.000000, 0.000000, 0.000000, 0.000000, 0.000000
3668.277100, 80.864403, 25.542000, 304.399506, 0.000000, 0.000000, 0.000000, 0.000000, 0.000000, 0.000000
3676.968018, 81.349297, 24.367800, 307.573914, 0.000000, 0.000000, 0.000000, 0.000000, 0.000000, 0.000000
3685.616943, 81.999802, 23.730801, 311.556610, 0.000000, 0.000000, 0.000000, 0.000000, 0.000000, 0.000000
3694.308105, 82.699600, 23.323601, 315.937805, 0.000000, 0.000000, 0.000000, 0.000000, 0.000000, 0.000000
3702.979980, 83.122597, 22.973600, 320.860809, 0.000000, 0.000000, 0.000000, 0.000000, 0.000000, 0.000000
3711.650879, 83.445503, 22.844299, 326.248199, 0.000000, 0.000000, 0.000000, 0.000000, 0.000000, 0.000000
3720.319092, 84.807503, 22.847601, 332.273102, 0.000000, 0.000000, 0.000000, 0.000000, 0.000000, 0.000000
3728.990967, 85.997299, 22.910900, 338.744904, 0.000000, 0.000000, 0.000000, 0.000000, 0.000000, 0.000000
3737.659912, 87.951202, 23.070400, 344.965393, 0.000000, 0.000000, 0.000000, 0.000000, 0.000000, 0.000000
3746.365967, 89.722900, 23.684700, 351.310913, 0.000000, 0.000000, 0.000000, 0.000000, 0.000000, 0.000000
3755.013916, 91.484802, 24.384199, 358.459015, 0.000000, 0.000000, 0.000000, 0.000000, 0.000000, 0.000000
3763.654053, 92.575600, 25.239500, 364.993011, 0.000000, 0.000000, 0.000000, 0.000000, 0.000000, 0.000000
3772.336914, 93.859001, 26.053400, 370.401306, 0.000000, 0.000000, 0.000000, 0.000000, 0.000000, 0.000000
3781.185059, 95.245499, 26.870800, 375.491608, 0.000000, 0.000000, 0.000000, 0.000000, 0.000000, 0.000000
3789.667969, 96.299301, 27.659901, 379.784210, 0.000000, 0.000000, 0.000000, 0.000000, 0.000000, 0.000000
3798.368896, 97.122498, 28.475201, 383.320007, 0.000000, 0.000000, 0.000000, 0.000000, 0.000000, 0.000000
3807.029053, 98.047997, 29.381399, 386.447113, 0.000000, 0.000000, 0.000000, 0.000000, 0.000000, 0.000000
3815.697021, 99.000603, 30.359600, 388.797485, 0.000000, 0.000000, 0.000000, 0.000000, 0.000000, 0.000000
3824.395996, 99.766701, 31.443501, 389.780090, 0.000000, 0.000000, 0.000000, 0.000000, 0.000000, 0.000000
3833.029053, 99.747101, 32.767101, 390.815796, 0.000000, 0.000000, 0.000000, 0.000000, 0.000000, 0.000000
3841.730957, 99.366402, 34.109699, 391.100098, 0.000000, 0.000000, 0.000000, 0.000000, 0.000000, 0.000000
3850.407959, 98.773300, 35.770901, 390.155304, 0.000000, 0.000000, 0.000000, 0.000000, 0.000000, 0.000000
3859.068115, 97.848297, 38.097698, 387.960785, 0.000000, 0.000000, 0.000000, 0.000000, 0.000000, 0.000000
3867.740967, 96.620697, 40.414299, 385.323700, 0.000000, 0.000000, 0.000000, 0.000000, 0.000000, 0.000000
3877.117920, 95.313904, 42.944698, 381.736115, 0.000000, 0.000000, 0.000000, 0.000000, 0.000000, 0.000000
3885.103027, 94.978104, 44.912701, 376.717102, 0.000000, 0.000000, 0.000000, 0.000000, 0.000000, 0.000000
3893.762939, 94.502502, 47.021000, 370.727112, 0.000000, 0.000000, 0.000000, 0.000000, 0.000000, 0.000000
3902.418945, 94.170303, 48.986500, 363.922394, 0.000000, 0.000000, 0.000000, 0.000000, 0.000000, 0.000000
3911.614014, 93.408997, 51.862000, 357.710999, 0.000000, 0.000000, 0.000000, 0.000000, 0.000000, 0.000000
3919.748047, 93.437103, 54.707699, 352.370789, 0.000000, 0.000000, 0.000000, 0.000000, 0.000000, 0.000000
3928.424072, 93.233498, 57.563999, 345.946808, 0.000000, 0.000000, 0.000000, 0.000000, 0.000000, 0.000000
3937.116943, 93.506401, 60.153301, 340.042389, 0.000000, 0.000000, 0.000000, 0.000000, 0.000000, 0.000000
3946.299072, 93.517799, 62.769100, 334.343201, 0.000000, 0.000000, 0.000000, 0.000000, 0.000000, 0.000000
3954.455078, 93.773399, 64.180801, 329.599304, 0.000000, 0.000000, 0.000000, 0.000000, 0.000000, 0.000000
3963.132080, 92.590401, 65.844101, 324.630890, 0.000000, 0.000000, 0.000000, 0.000000, 0.000000, 0.000000
3971.790039, 92.291100, 67.058998, 321.404388, 0.000000, 0.000000, 0.000000, 0.000000, 0.000000, 0.000000
3980.490967, 90.664001, 68.261299, 318.967987, 0.000000, 0.000000, 0.000000, 0.000000, 0.000000, 0.000000
3989.181885, 90.653801, 68.334503, 316.772400, 0.000000, 0.000000, 0.000000, 0.000000, 0.000000, 0.000000
3997.801025, 90.830498, 68.306198, 316.124207, 0.000000, 0.000000, 0.000000, 0.000000, 0.000000, 0.000000
4006.493896, 90.749496, 67.988403, 316.085602, 0.000000, 0.000000, 0.000000, 0.000000, 0.000000, 0.000000
4015.159912, 90.620399, 67.271797, 316.888702, 0.000000, 0.000000, 0.000000, 0.000000, 0.000000, 0.000000
4023.856934, 89.981697, 66.033302, 318.577209, 0.000000, 0.000000, 0.000000, 0.000000, 0.000000, 0.000000
4032.495117, 89.660301, 64.846901, 321.141907, 0.000000, 0.000000, 0.000000, 0.000000, 0.000000, 0.000000
4041.333008, 89.121696, 63.153400, 324.620392, 0.000000, 0.000000, 0.000000, 0.000000, 0.000000, 0.000000
4049.843018, 89.171898, 61.691898, 328.994202, 0.000000, 0.000000, 0.000000, 0.000000, 0.000000, 0.000000
4058.542969, 89.440697, 60.278301, 333.513000, 0.000000, 0.000000, 0.000000, 0.000000, 0.000000, 0.000000
4067.191895, 89.443001, 58.946499, 338.382812, 0.000000, 0.000000, 0.000000, 0.000000, 0.000000, 0.000000
4075.897949, 90.070000, 58.074001, 344.554688, 0.000000, 0.000000, 0.000000, 0.000000, 0.000000, 0.000000
4084.530029, 90.228798, 57.241199, 350.720093, 0.000000, 0.000000, 0.000000, 0.000000, 0.000000, 0.000000
4093.210938, 91.310997, 57.165600, 356.816986, 0.000000, 0.000000, 0.000000, 0.000000, 0.000000, 0.000000
4101.881836, 92.900902, 57.310398, 362.409088, 0.000000, 0.000000, 0.000000, 0.000000, 0.000000, 0.000000
4110.708008, 94.025200, 57.870701, 367.318512, 0.000000, 0.000000, 0.000000, 0.000000, 0.000000, 0.000000
4119.229004, 94.918800, 59.007401, 371.906494, 0.000000, 0.000000, 0.000000, 0.000000, 0.000000, 0.000000
4127.919922, 95.274399, 60.704201, 376.683807, 0.000000, 0.000000, 0.000000, 0.000000, 0.000000, 0.000000
4136.563965, 96.268402, 63.065899, 380.588104, 0.000000, 0.000000, 0.000000, 0.000000, 0.000000, 0.000000
4145.255859, 96.721001, 66.078499, 384.882904, 0.000000, 0.000000, 0.000000, 0.000000, 0.000000, 0.000000
4153.920898, 96.915802, 69.498703, 387.371307, 0.000000, 0.000000, 0.000000, 0.000000, 0.000000, 0.000000
4162.605957, 97.583900, 73.334198, 388.711395, 0.000000, 0.000000, 0.000000, 0.000000, 0.000000, 0.000000
4171.277832, 97.843697, 77.740799, 390.010986, 0.000000, 0.000000, 0.000000, 0.000000, 0.000000, 0.000000
4179.978027, 98.449303, 81.976097, 390.357697, 0.000000, 0.000000, 0.000000, 0.000000, 0.000000, 0.000000
4188.604980, 97.823601, 86.298203, 389.784210, 0.000000, 0.000000, 0.000000, 0.000000, 0.000000, 0.000000
4197.270996, 96.897697, 90.805397, 388.770813, 0.000000, 0.000000, 0.000000, 0.000000, 0.000000, 0.000000
4205.940918, 95.594200, 94.926903, 386.642303, 0.000000, 0.000000, 0.000000, 0.000000, 0.000000, 0.000000
4214.631836, 93.512398, 98.732101, 383.168793, 0.000000, 0.000000, 0.000000, 0.000000, 0.000000, 0.000000
4223.323242, 92.328598, 101.965202, 379.602386, 0.000000, 0.000000, 0.000000, 0.000000, 0.000000, 0.000000
4231.952148, 90.533203, 104.629700, 375.134186, 0.000000, 0.000000, 0.000000, 0.000000, 0.000000, 0.000000
4240.620117, 88.995300, 106.218597, 370.075806, 0.000000, 0.000000, 0.000000, 0.000000, 0.000000, 0.000000
4249.291016, 87.899803, 107.772797, 363.645996, 0.000000, 0.000000, 0.000000, 0.000000, 0.000000, 0.000000
4257.985840, 87.151604, 108.532600, 356.236694, 0.000000, 0.000000, 0.000000, 0.000000, 0.000000, 0.000000
4266.673828, 86.207298, 108.804298, 348.329712, 0.000000, 0.000000, 0.000000, 0.000000, 0.000000, 0.000000
4275.413086, 84.757301, 108.836998, 340.659790, 0.000000, 0.000000, 0.000000, 0.000000, 0.000000, 0.000000
4283.996094, 83.989197, 108.029900, 332.356201, 0.000000, 0.000000, 0.000000, 0.000000, 0.000000, 0.000000
4292.654785, 83.044197, 106.682297, 325.026703, 0.000000, 0.000000, 0.000000, 0.000000, 0.000000, 0.000000
4301.344238, 83.046204, 105.898102, 318.040588, 0.000000, 0.000000, 0.000000, 0.000000, 0.000000, 0.000000
4310.154785, 82.968498, 103.927498, 312.651306, 0.000000, 0.000000, 0.000000, 0.000000, 0.000000, 0.000000
4318.663086, 83.081703, 102.141602, 308.431488, 0.000000, 0.000000, 0.000000, 0.000000, 0.000000, 0.000000
4327.360840, 82.812698, 100.686096, 305.065002, 0.000000, 0.000000, 0.000000, 0.000000, 0.000000, 0.000000
4336.040039, 82.867500, 99.695602, 303.355011, 0.000000, 0.000000, 0.000000, 0.000000, 0.000000, 0.000000
4344.687012, 82.769096, 98.989700, 303.265289, 0.000000, 0.000000, 0.000000, 0.000000, 0.000000, 0.000000
4353.357910, 82.899902, 97.661499, 304.095795, 0.000000, 0.000000, 0.000000, 0.000000, 0.000000, 0.000000
4362.041992, 82.515099, 96.877197, 306.614288, 0.000000, 0.000000, 0.000000, 0.000000, 0.000000, 0.000000
4370.724121, 81.902901, 96.245903, 310.658386, 0.000000, 0.000000, 0.000000, 0.000000, 0.000000, 0.000000
4379.381836, 80.917999, 95.957397, 314.762207, 0.000000, 0.000000, 0.000000, 0.000000, 0.000000, 0.000000
4388.040039, 80.030998, 96.146896, 319.394287, 0.000000, 0.000000, 0.000000, 0.000000, 0.000000, 0.000000
4396.724121, 79.436501, 96.258400, 325.610901, 0.000000, 0.000000, 0.000000, 0.000000, 0.000000, 0.000000
4405.407227, 79.573601, 97.139397, 332.686890, 0.000000, 0.000000, 0.000000, 0.000000, 0.000000, 0.000000
4431.411133, 81.336197, 100.906197, 357.242096, 0.000000, 0.000000, 0.000000, 0.000000, 0.000000, 0.000000
4440.106934, 82.755997, 102.566597, 362.058411, 0.000000, 0.000000, 0.000000, 0.000000, 0.000000, 0.000000
4448.746094, 84.339897, 104.680901, 367.122101, 0.000000, 0.000000, 0.000000, 0.000000, 0.000000, 0.000000
4457.464844, 86.111900, 107.409401, 373.273193, 0.000000, 0.000000, 0.000000, 0.000000, 0.000000, 0.000000
4466.088867, 87.191399, 110.806503, 379.409607, 0.000000, 0.000000, 0.000000, 0.000000, 0.000000, 0.000000
4475.388184, 87.782997, 114.875298, 386.078308, 0.000000, 0.000000, 0.000000, 0.000000, 0.000000, 0.000000
4483.434082, 88.904404, 119.607803, 391.081604, 0.000000, 0.000000, 0.000000, 0.000000, 0.000000, 0.000000
4492.123047, 89.519997, 124.959900, 395.991089, 0.000000, 0.000000, 0.000000, 0.000000, 0.000000, 0.000000
4500.799805, 90.834900, 130.495605, 399.485809, 0.000000, 0.000000, 0.000000, 0.000000, 0.000000, 0.000000
4509.480957, 91.662498, 136.338898, 403.857086, 0.000000, 0.000000, 0.000000, 0.000000, 0.000000, 0.000000
4518.147949, 91.873100, 142.369003, 408.058289, 0.000000, 0.000000, 0.000000, 0.000000, 0.000000, 0.000000
4526.783203, 92.360703, 148.092499, 410.669312, 0.000000, 0.000000, 0.000000, 0.000000, 0.000000, 0.000000
4535.467773, 92.751701, 154.160995, 413.726807, 0.000000, 0.000000, 0.000000, 0.000000, 0.000000, 0.000000
4544.164062, 92.514099, 160.157593, 416.616913, 0.000000, 0.000000, 0.000000, 0.000000, 0.000000, 0.000000
4552.837891, 91.676102, 165.793793, 419.505188, 0.000000, 0.000000, 0.000000, 0.000000, 0.000000, 0.000000
4561.501953, 92.264900, 170.289093, 420.873108, 0.000000, 0.000000, 0.000000, 0.000000, 0.000000, 0.000000
4570.216797, 90.552399, 174.316498, 423.699188, 0.000000, 0.000000, 0.000000, 0.000000, 0.000000, 0.000000
4578.855957, 91.301201, 176.659103, 422.925995, 0.000000, 0.000000, 0.000000, 0.000000, 0.000000, 0.000000
4587.520020, 91.283798, 178.128296, 422.396606, 0.000000, 0.000000, 0.000000, 0.000000, 0.000000, 0.000000
4596.189941, 91.376503, 178.805496, 421.574005, 0.000000, 0.000000, 0.000000, 0.000000, 0.000000, 0.000000
4604.956055, 91.520798, 178.714294, 419.935486, 0.000000, 0.000000, 0.000000, 0.000000, 0.000000, 0.000000
4613.533203, 91.089600, 177.667603, 417.517303, 0.000000, 0.000000, 0.000000, 0.000000, 0.000000, 0.000000
4622.178223, 90.774803, 175.980896, 414.053802, 0.000000, 0.000000, 0.000000, 0.000000, 0.000000, 0.000000
4630.880859, 89.916000, 173.820297, 410.219208, 0.000000, 0.000000, 0.000000, 0.000000, 0.000000, 0.000000
4639.610840, 88.897003, 171.009796, 405.396790, 0.000000, 0.000000, 0.000000, 0.000000, 0.000000, 0.000000
4648.226074, 87.950401, 167.590500, 399.528015, 0.000000, 0.000000, 0.000000, 0.000000, 0.000000, 0.000000
4656.884766, 86.957703, 164.257294, 393.530090, 0.000000, 0.000000, 0.000000, 0.000000, 0.000000, 0.000000
4665.563965, 86.894699, 160.756393, 388.162811, 0.000000, 0.000000, 0.000000, 0.000000, 0.000000, 0.000000
4674.220215, 86.796700, 158.397003, 384.220612, 0.000000, 0.000000, 0.000000, 0.000000, 0.000000, 0.000000
4682.910156, 86.083298, 156.355194, 378.161102, 0.000000, 0.000000, 0.000000, 0.000000, 0.000000, 0.000000
4691.595215, 85.643097, 154.705597, 373.429596, 0.000000, 0.000000, 0.000000, 0.000000, 0.000000, 0.000000
4700.250000, 85.223701, 154.164902, 369.769714, 0.000000, 0.000000, 0.000000, 0.000000, 0.000000, 0.000000
4708.916992, 84.986198, 154.857193, 366.334290, 0.000000, 0.000000, 0.000000, 0.000000, 0.000000, 0.000000
4717.603027, 84.932899, 156.533707, 364.776886, 0.000000, 0.000000, 0.000000, 0.000000, 0.000000, 0.000000
4726.274902, 84.910004, 159.500198, 363.598999, 0.000000, 0.000000, 0.000000, 0.000000, 0.000000, 0.000000
4735.368164, 84.727898, 163.207901, 362.806091, 0.000000, 0.000000, 0.000000, 0.000000, 0.000000, 0.000000
4743.588867, 84.050400, 167.163895, 362.776886, 0.000000, 0.000000, 0.000000, 0.000000, 0.000000, 0.000000
4752.293945, 84.278603, 172.104599, 363.401794, 0.000000, 0.000000, 0.000000, 0.000000, 0.000000, 0.000000
4760.976074, 85.355103, 177.115906, 363.972412, 0.000000, 0.000000, 0.000000, 0.000000, 0.000000, 0.000000
4769.644043, 86.756897, 181.844894, 365.415314, 0.000000, 0.000000, 0.000000, 0.000000, 0.000000, 0.000000
4778.291016, 88.899101, 186.550705, 365.879486, 0.000000, 0.000000, 0.000000, 0.000000, 0.000000, 0.000000
4786.978027, 90.693001, 190.545395, 365.648499, 0.000000, 0.000000, 0.000000, 0.000000, 0.000000, 0.000000
4795.668945, 92.673203, 193.640106, 364.502686, 0.000000, 0.000000, 0.000000, 0.000000, 0.000000, 0.000000
4804.412109, 93.806702, 195.787003, 362.303589, 0.000000, 0.000000, 0.000000, 0.000000, 0.000000, 0.000000
4812.978027, 94.616798, 197.192307, 359.444397, 0.000000, 0.000000, 0.000000, 0.000000, 0.000000, 0.000000
4821.663086, 95.651901, 197.722504, 355.336792, 0.000000, 0.000000, 0.000000, 0.000000, 0.000000, 0.000000
4830.318848, 95.475601, 197.246399, 350.082794, 0.000000, 0.000000, 0.000000, 0.000000, 0.000000, 0.000000
4838.993164, 95.646004, 196.265198, 344.184601, 0.000000, 0.000000, 0.000000, 0.000000, 0.000000, 0.000000
4847.669922, 95.491898, 194.043503, 337.399292, 0.000000, 0.000000, 0.000000, 0.000000, 0.000000, 0.000000
4856.354004, 95.511002, 192.327499, 330.455200, 0.000000, 0.000000, 0.000000, 0.000000, 0.000000, 0.000000
4865.019043, 94.971802, 189.900208, 323.468201, 0.000000, 0.000000, 0.000000, 0.000000, 0.000000, 0.000000
4873.698242, 94.304497, 187.019501, 316.404114, 0.000000, 0.000000, 0.000000, 0.000000, 0.000000, 0.000000
4882.330078, 94.975899, 184.274994, 308.331299, 0.000000, 0.000000, 0.000000, 0.000000, 0.000000, 0.000000
4891.039062, 96.069298, 182.240204, 301.071808, 0.000000, 0.000000, 0.000000, 0.000000, 0.000000, 0.000000
4899.682129, 96.407997, 181.351898, 294.445312, 0.000000, 0.000000, 0.000000, 0.000000, 0.000000, 0.000000
4908.398926, 96.690498, 181.081207, 287.693787, 0.000000, 0.000000, 0.000000, 0.000000, 0.000000, 0.000000
4917.044922, 97.136497, 181.352295, 281.562408, 0.000000, 0.000000, 0.000000, 0.000000, 0.000000, 0.000000
4925.729004, 96.898102, 182.967896, 275.935394, 0.000000, 0.000000, 0.000000, 0.000000, 0.000000, 0.000000
4934.529785, 96.990097, 186.198700, 271.061493, 0.000000, 0.000000, 0.000000, 0.000000, 0.000000, 0.000000
4943.075195, 97.054001, 190.123093, 266.972198, 0.000000, 0.000000, 0.000000, 0.000000, 0.000000, 0.000000
4951.759766, 96.601097, 195.037292, 263.208710, 0.000000, 0.000000, 0.000000, 0.000000, 0.000000, 0.000000
4960.395020, 97.588600, 201.403503, 261.692596, 0.000000, 0.000000, 0.000000, 0.000000, 0.000000, 0.000000
4969.073242, 98.313698, 207.925507, 259.621796, 0.000000, 0.000000, 0.000000, 0.000000, 0.000000, 0.000000
4977.738770, 98.163498, 213.478500, 257.337402, 0.000000, 0.000000, 0.000000, 0.000000, 0.000000, 0.000000
4986.420898, 98.758904, 221.386993, 256.458008, 0.000000, 0.000000, 0.000000, 0.000000, 0.000000, 0.000000
4995.085938, 97.645798, 228.406906, 255.833496, 0.000000, 0.000000, 0.000000, 0.000000, 0.000000, 0.000000
5003.775879, 97.037201, 236.085495, 256.386108, 0.000000, 0.000000, 0.000000, 0.000000, 0.000000, 0.000000
5012.451172, 97.565498, 243.079193, 256.806305, 0.000000, 0.000000, 0.000000, 0.000000, 0.000000, 0.000000
5021.133789, 98.891899, 248.272095, 254.647903, 0.000000, 0.000000, 0.000000, 0.000000, 0.000000, 0.000000
5029.764160, 101.230202, 255.048004, 259.434113, 0.000000, 0.000000, 0.000000, 0.000000, 0.000000, 0.000000
5038.444824, 103.226196, 260.691986, 261.379395, 0.000000, 0.000000, 0.000000, 0.000000, 0.000000, 0.000000
5047.133789, 104.540901, 264.078613, 262.055786, 0.000000, 0.000000, 0.000000, 0.000000, 0.000000, 0.000000
5055.782227, 108.045403, 270.159088, 263.275513, 0.000000, 0.000000, 0.000000, 0.000000, 0.000000, 0.000000
5064.483887, 109.797302, 272.921814, 264.019104, 0.000000, 0.000000, 0.000000, 0.000000, 0.000000, 0.000000
5073.150879, 101.719299, 267.953613, 264.052612, 0.000000, 0.000000, 0.000000, 0.000000, 0.000000, 0.000000
5081.823242, 97.820702, 267.371613, 262.878296, 0.000000, 0.000000, 0.000000, 0.000000, 0.000000, 0.000000
5090.473145, 93.350998, 265.965698, 261.061005, 0.000000, 0.000000, 0.000000, 0.000000, 0.000000, 0.000000
5099.173828, 75.632599, 267.618286, 242.270706, 0.000000, 0.000000, 0.000000, 0.000000, 0.000000, 0.000000
5107.806152, 66.885101, 267.344391, 232.558701, 0.000000, 0.000000, 0.000000, 0.000000, 0.000000, 0.000000
5116.492188, 72.607101, 251.495697, 227.247696, 0.000000, 0.000000, 0.000000, 0.000000, 0.000000, 0.000000
5125.182129, 75.283997, 246.025696, 223.522202, 0.000000, 0.000000, 0.000000, 0.000000, 0.000000, 0.000000
5133.944824, 62.177601, 247.164505, 216.234406, 0.000000, 0.000000, 0.000000, 0.000000, 0.000000, 0.000000
5142.532227, 55.682999, 244.684402, 212.723206, 0.000000, 0.000000, 0.000000, 0.000000, 0.000000, 0.000000
5151.204102, 52.217098, 243.227600, 211.007599, 0.000000, 0.000000, 0.000000, 0.000000, 0.000000, 0.000000
5159.888184, 50.087002, 242.115997, 210.326599, 0.000000, 0.000000, 0.000000, 0.000000, 0.000000, 0.000000
5168.548828, 49.040600, 242.370193, 210.286407, 0.000000, 0.000000, 0.000000, 0.000000, 0.000000, 0.000000
5177.202148, 48.591400, 242.634201, 210.349503, 0.000000, 0.000000, 0.000000, 0.000000, 0.000000, 0.000000
5185.875977, 48.301300, 242.745102, 210.626297, 0.000000, 0.000000, 0.000000, 0.000000, 0.000000, 0.000000
5194.541016, 48.096500, 242.823303, 210.821701, 0.000000, 0.000000, 0.000000, 0.000000, 0.000000, 0.000000
5203.208008, 47.951000, 242.878906, 210.960495, 0.000000, 0.000000, 0.000000, 0.000000, 0.000000, 0.000000
5211.916016, 47.525501, 244.386795, 211.254593, 0.000000, 0.000000, 0.000000, 0.000000, 0.000000, 0.000000
5220.583984, 67.762299, 245.590698, 218.483795, 0.000000, 0.000000, 0.000000, 0.000000, 0.000000, 0.000000
5229.240234, 82.601402, 245.558594, 220.216705, 0.000000, 0.000000, 0.000000, 0.000000, 0.000000, 0.000000
5237.921875, 90.550499, 246.239395, 219.706802, 0.000000, 0.000000, 0.000000, 0.000000, 0.000000, 0.000000
5246.617188, 95.076797, 246.915604, 219.176102, 0.000000, 0.000000, 0.000000, 0.000000, 0.000000, 0.000000
5255.286133, 97.532898, 247.237900, 219.530899, 0.000000, 0.000000, 0.000000, 0.000000, 0.000000, 0.000000
5263.931152, 98.556396, 248.534698, 219.210602, 0.000000, 0.000000, 0.000000, 0.000000, 0.000000, 0.000000
5272.586914, 99.118202, 248.063202, 218.308899, 0.000000, 0.000000, 0.000000, 0.000000, 0.000000, 0.000000
5281.291992, 99.582497, 247.686401, 217.670502, 0.000000, 0.000000, 0.000000, 0.000000, 0.000000, 0.000000
5289.964844, 100.080704, 246.717300, 216.073303, 0.000000, 0.000000, 0.000000, 0.000000, 0.000000, 0.000000
5298.625977, 99.709503, 247.429092, 216.038193, 0.000000, 0.000000, 0.000000, 0.000000, 0.000000, 0.000000
5307.283203, 99.437698, 248.058502, 216.141403, 0.000000, 0.000000, 0.000000, 0.000000, 0.000000, 0.000000
5315.956055, 99.712097, 246.490295, 214.701599, 0.000000, 0.000000, 0.000000, 0.000000, 0.000000, 0.000000
5324.647949, 99.501701, 247.316605, 215.078705, 0.000000, 0.000000, 0.000000, 0.000000, 0.000000, 0.000000
5333.306152, 99.166298, 248.847702, 215.660202, 0.000000, 0.000000, 0.000000, 0.000000, 0.000000, 0.000000
5341.978027, 99.268303, 248.491699, 215.259796, 0.000000, 0.000000, 0.000000, 0.000000, 0.000000, 0.000000
5350.684082, 99.114304, 246.000595, 213.410095, 0.000000, 0.000000, 0.000000, 0.000000, 0.000000, 0.000000
5359.327148, 98.550301, 243.254700, 211.442703, 0.000000, 0.000000, 0.000000, 0.000000, 0.000000, 0.000000
5367.969238, 98.303596, 241.854095, 210.729401, 0.000000, 0.000000, 0.000000, 0.000000, 0.000000, 0.000000
5376.662109, 98.097900, 242.039795, 210.985397, 0.000000, 0.000000, 0.000000, 0.000000, 0.000000, 0.000000
5385.341797, 98.424004, 240.572800, 209.746399, 0.000000, 0.000000, 0.000000, 0.000000, 0.000000, 0.000000
5394.232910, 98.663902, 239.400406, 209.210693, 0.000000, 0.000000, 0.000000, 0.000000, 0.000000, 0.000000
5402.676758, 98.489304, 238.853394, 209.055298, 0.000000, 0.000000, 0.000000, 0.000000, 0.000000, 0.000000
5411.346191, 98.787804, 238.112503, 208.547501, 0.000000, 0.000000, 0.000000, 0.000000, 0.000000, 0.000000
5420.036133, 98.755203, 237.570999, 208.153900, 0.000000, 0.000000, 0.000000, 0.000000, 0.000000, 0.000000
5428.772949, 98.658401, 237.353897, 208.169205, 0.000000, 0.000000, 0.000000, 0.000000, 0.000000, 0.000000
5437.359863, 98.570396, 237.468796, 208.535904, 0.000000, 0.000000, 0.000000, 0.000000, 0.000000, 0.000000
5446.061035, 97.918404, 237.501907, 209.079605, 0.000000, 0.000000, 0.000000, 0.000000, 0.000000, 0.000000
5454.706055, 96.535202, 237.432205, 210.337204, 0.000000, 0.000000, 0.000000, 0.000000, 0.000000, 0.000000
5463.386230, 95.703300, 237.465103, 211.061401, 0.000000, 0.000000, 0.000000, 0.000000, 0.000000, 0.000000
5472.061035, 94.453796, 236.922607, 211.218094, 0.000000, 0.000000, 0.000000, 0.000000, 0.000000, 0.000000
5480.727051, 93.772903, 237.315308, 211.822403, 0.000000, 0.000000, 0.000000, 0.000000, 0.000000, 0.000000
5489.389160, 93.382500, 237.953400, 212.667404, 0.000000, 0.000000, 0.000000, 0.000000, 0.000000, 0.000000
5498.082031, 92.978600, 238.265503, 213.029800, 0.000000, 0.000000, 0.000000, 0.000000, 0.000000, 0.000000
5506.773926, 92.712196, 238.621704, 213.373795, 0.000000, 0.000000, 0.000000, 0.000000, 0.000000, 0.000000
5532.770996, 92.471802, 238.555496, 213.253601, 0.000000, 0.000000, 0.000000, 0.000000, 0.000000, 0.000000
5541.469238, 92.299500, 238.617004, 213.368500, 0.000000, 0.000000, 0.000000, 0.000000, 0.000000, 0.000000
5550.105957, 91.651299, 237.911407, 212.884201, 0.000000, 0.000000, 0.000000, 0.000000, 0.000000, 0.000000
5559.434082, 91.817200, 237.832001, 213.048706, 0.000000, 0.000000, 0.000000, 0.000000, 0.000000, 0.000000
5567.469238, 91.614998, 237.326996, 212.768799, 0.000000, 0.000000, 0.000000, 0.000000, 0.000000, 0.000000
5576.131836, 91.709000, 237.317093, 212.811600, 0.000000, 0.000000, 0.000000, 0.000000, 0.000000, 0.000000
5584.788086, 91.847000, 237.277100, 212.954498, 0.000000, 0.000000, 0.000000, 0.000000, 0.000000, 0.000000
5593.474121, 91.835899, 236.749603, 212.729004, 0.000000, 0.000000, 0.000000, 0.000000, 0.000000, 0.000000
5602.153809, 91.840897, 236.262100, 212.744995, 0.000000, 0.000000, 0.000000, 0.000000, 0.000000, 0.000000
5610.857910, 91.821999, 236.237701, 212.723297, 0.000000, 0.000000, 0.000000, 0.000000, 0.000000, 0.000000
5619.461914, 90.800903, 235.598495, 212.626099, 0.000000, 0.000000, 0.000000, 0.000000, 0.000000, 0.000000
5628.176758, 90.734398, 235.615707, 212.886002, 0.000000, 0.000000, 0.000000, 0.000000, 0.000000, 0.000000
5636.849121, 90.896103, 234.379593, 212.040604, 0.000000, 0.000000, 0.000000, 0.000000, 0.000000, 0.000000
5645.526855, 91.193298, 233.957001, 211.813797, 0.000000, 0.000000, 0.000000, 0.000000, 0.000000, 0.000000
5654.634766, 91.301598, 233.888397, 211.800797, 0.000000, 0.000000, 0.000000, 0.000000, 0.000000, 0.000000
5662.858887, 91.760803, 235.340805, 213.327606, 0.000000, 0.000000, 0.000000, 0.000000, 0.000000, 0.000000
5671.526855, 91.711197, 235.191803, 213.281799, 0.000000, 0.000000, 0.000000, 0.000000, 0.000000, 0.000000
5680.192871, 91.512199, 234.854004, 213.176498, 0.000000, 0.000000, 0.000000, 0.000000, 0.000000, 0.000000
5688.853027, 91.378700, 234.616501, 213.147293, 0.000000, 0.000000, 0.000000, 0.000000, 0.000000, 0.000000
5697.537109, 91.202301, 234.928207, 213.385498, 0.000000, 0.000000, 0.000000, 0.000000, 0.000000, 0.000000
5706.221191, 90.683296, 233.743195, 212.490601, 0.000000, 0.000000, 0.000000, 0.000000, 0.000000, 0.000000
5714.887207, 90.478401, 233.082596, 212.278793, 0.000000, 0.000000, 0.000000, 0.000000, 0.000000, 0.000000
5723.558105, 90.439201, 233.490906, 212.778107, 0.000000, 0.000000, 0.000000, 0.000000, 0.000000, 0.000000
5732.253906, 89.476997, 232.526001, 212.208298, 0.000000, 0.000000, 0.000000, 0.000000, 0.000000, 0.000000
5749.565918, 89.267700, 232.582794, 212.530701, 0.000000, 0.000000, 0.000000, 0.000000, 0.000000, 0.000000
5758.225098, 89.139198, 232.723206, 212.677094, 0.000000, 0.000000, 0.000000, 0.000000, 0.000000, 0.000000
5766.923828, 88.967102, 234.106003, 213.729095, 0.000000, 0.000000, 0.000000, 0.000000, 0.000000, 0.000000
5775.616211, 88.818497, 234.823700, 214.133301, 0.000000, 0.000000, 0.000000, 0.000000, 0.000000, 0.000000
5784.226074, 88.785698, 234.802505, 214.199005, 0.000000, 0.000000, 0.000000, 0.000000, 0.000000, 0.000000
5792.933105, 88.476097, 234.787094, 214.199997, 0.000000, 0.000000, 0.000000, 0.000000, 0.000000, 0.000000
5801.586914, 87.923599, 234.619095, 214.104294, 0.000000, 0.000000, 0.000000, 0.000000, 0.000000, 0.000000
5810.259766, 87.530800, 234.483200, 214.035400, 0.000000, 0.000000, 0.000000, 0.000000, 0.000000, 0.000000
5819.480957, 86.893501, 233.523499, 213.510696, 0.000000, 0.000000, 0.000000, 0.000000, 0.000000, 0.000000
5827.612793, 86.910599, 233.416397, 213.560593, 0.000000, 0.000000, 0.000000, 0.000000, 0.000000, 0.000000
5836.289062, 87.125504, 233.347305, 213.641098, 0.000000, 0.000000, 0.000000, 0.000000, 0.000000, 0.000000
5844.960938, 87.588303, 233.436600, 213.774597, 0.000000, 0.000000, 0.000000, 0.000000, 0.000000, 0.000000
5853.609863, 87.917099, 233.487793, 213.884094, 0.000000, 0.000000, 0.000000, 0.000000, 0.000000, 0.000000
5862.289062, 87.973602, 233.367203, 213.768402, 0.000000, 0.000000, 0.000000, 0.000000, 0.000000, 0.000000
5870.961914, 88.021103, 233.301605, 213.773895, 0.000000, 0.000000, 0.000000, 0.000000, 0.000000, 0.000000
5879.633789, 87.990799, 233.759003, 214.234299, 0.000000, 0.000000, 0.000000, 0.000000, 0.000000, 0.000000
5888.346191, 88.546600, 235.895203, 215.681305, 0.000000, 0.000000, 0.000000, 0.000000, 0.000000, 0.000000
5896.980957, 89.296799, 237.736603, 217.224503, 0.000000, 0.000000, 0.000000, 0.000000, 0.000000, 0.000000
5905.665039, 89.327499, 238.470200, 217.472595, 0.000000, 0.000000, 0.000000, 0.000000, 0.000000, 0.000000
5914.346191, 89.490997, 239.005295, 217.832993, 0.000000, 0.000000, 0.000000, 0.000000, 0.000000, 0.000000
5923.015137, 89.557404, 238.994904, 217.804199, 0.000000, 0.000000, 0.000000, 0.000000, 0.000000, 0.000000
5931.665039, 89.610603, 239.358002, 217.883408, 0.000000, 0.000000, 0.000000, 0.000000, 0.000000, 0.000000
5940.375977, 89.770302, 239.526398, 217.894608, 0.000000, 0.000000, 0.000000, 0.000000, 0.000000, 0.000000
5949.028809, 89.971298, 239.740799, 218.087601, 0.000000, 0.000000, 0.000000, 0.000000, 0.000000, 0.000000
5957.732910, 90.109001, 239.764801, 217.899902, 0.000000, 0.000000, 0.000000, 0.000000, 0.000000, 0.000000
5966.357910, 90.446999, 240.056702, 217.923492, 0.000000, 0.000000, 0.000000, 0.000000, 0.000000, 0.000000
5975.049805, 90.525497, 240.083405, 217.843307, 0.000000, 0.000000, 0.000000, 0.000000, 0.000000, 0.000000
5983.712891, 90.737602, 240.309097, 217.930496, 0.000000, 0.000000, 0.000000, 0.000000, 0.000000, 0.000000
5992.375000, 90.457497, 241.030502, 218.362900, 0.000000, 0.000000, 0.000000, 0.000000, 0.000000, 0.000000
6001.067871, 90.407402, 241.801605, 218.736496, 0.000000, 0.000000, 0.000000, 0.000000, 0.000000, 0.000000
6009.731934, 90.336098, 241.912903, 218.591904, 0.000000, 0.000000, 0.000000, 0.000000, 0.000000, 0.000000
6018.501953, 90.289803, 242.026703, 218.453796, 0.000000, 0.000000, 0.000000, 0.000000, 0.000000, 0.000000
6027.056152, 90.329597, 242.247406, 218.464203, 0.000000, 0.000000, 0.000000, 0.000000, 0.000000, 0.000000
6035.734863, 90.671898, 242.737595, 218.977707, 0.000000, 0.000000, 0.000000, 0.000000, 0.000000, 0.000000
6044.425781, 90.861504, 242.646500, 218.799896, 0.000000, 0.000000, 0.000000, 0.000000, 0.000000, 0.000000
6053.219238, 91.151199, 242.692902, 218.822693, 0.000000, 0.000000, 0.000000, 0.000000, 0.000000, 0.000000
6061.773926, 91.488297, 242.153595, 218.330093, 0.000000, 0.000000, 0.000000, 0.000000, 0.000000, 0.000000
6070.444824, 91.728798, 241.104202, 217.460495, 0.000000, 0.000000, 0.000000, 0.000000, 0.000000, 0.000000
6079.108887, 91.983398, 240.873795, 217.325607, 0.000000, 0.000000, 0.000000, 0.000000, 0.000000, 0.000000
6087.778809, 91.694199, 240.317001, 216.724503, 0.000000, 0.000000, 0.000000, 0.000000, 0.000000, 0.000000
6096.444824, 91.877899, 240.115707, 216.369797, 0.000000, 0.000000, 0.000000, 0.000000, 0.000000, 0.000000
6105.131836, 92.168999, 239.865204, 216.003998, 0.000000, 0.000000, 0.000000, 0.000000, 0.000000, 0.000000
6113.807129, 93.676903, 243.238998, 217.908295, 0.000000, 0.000000, 0.000000, 0.000000, 0.000000, 0.000000
6122.478027, 93.569801, 243.065399, 217.836395, 0.000000, 0.000000, 0.000000, 0.000000, 0.000000, 0.000000
6131.136230, 93.550201, 243.059296, 217.792099, 0.000000, 0.000000, 0.000000, 0.000000, 0.000000, 0.000000
6139.806152, 93.510803, 243.034302, 217.678101, 0.000000, 0.000000, 0.000000, 0.000000, 0.000000, 0.000000
6148.467773, 93.561096, 243.216995, 217.661301, 0.000000, 0.000000, 0.000000, 0.000000, 0.000000, 0.000000
6157.129883, 93.447403, 243.370697, 217.500198, 0.000000, 0.000000, 0.000000, 0.000000, 0.000000, 0.000000
6165.821777, 93.220901, 243.892105, 217.733994, 0.000000, 0.000000, 0.000000, 0.000000, 0.000000, 0.000000
6174.483887, 92.585098, 243.833206, 217.484100, 0.000000, 0.000000, 0.000000, 0.000000, 0.000000, 0.000000
6183.180176, 92.240997, 243.778793, 217.235596, 0.000000, 0.000000, 0.000000, 0.000000, 0.000000, 0.000000
6191.848145, 92.361801, 243.911102, 217.362198, 0.000000, 0.000000, 0.000000, 0.000000, 0.000000, 0.000000
6200.495117, 92.301598, 243.574707, 217.080399, 0.000000, 0.000000, 0.000000, 0.000000, 0.000000, 0.000000
6209.193848, 92.298698, 243.592697, 217.137695, 0.000000, 0.000000, 0.000000, 0.000000, 0.000000, 0.000000
6217.941895, 92.370598, 243.924194, 217.431793, 0.000000, 0.000000, 0.000000, 0.000000, 0.000000, 0.000000
6226.557129, 92.350502, 243.912994, 217.417694, 0.000000, 0.000000, 0.000000, 0.000000, 0.000000, 0.000000
6235.196777, 92.344498, 243.911697, 217.414200, 0.000000, 0.000000, 0.000000, 0.000000, 0.000000, 0.000000
6243.874023, 92.482597, 244.326202, 217.423599, 0.000000, 0.000000, 0.000000, 0.000000, 0.000000, 0.000000
6252.568848, 92.984299, 243.274094, 216.494904, 0.000000, 0.000000, 0.000000, 0.000000, 0.000000, 0.000000
6261.226074, 93.420898, 243.069107, 216.374893, 0.000000, 0.000000, 0.000000, 0.000000, 0.000000, 0.000000
